-- division
INSERT INTO DIVISION(DI_NUM, DI_NAME)
VALUES
	(1,"국내"),(2,"동아시아"),(3,"동남아시아"),(4,"북아메리카"),(5,"유럽"),(6,"오세아니아"),(7,"남아메리카"),(8,"아시아"),(9,"아프리카");

-- 관리자 등록
INSERT INTO MEMBER(ME_ID, ME_PW, ME_NAME, ME_ENG_NAME, ME_BIRTHDAY, ME_PHONE, ME_EMAIL, ME_AUTHORITY)
VALUES
	("ADMIN","$2a$10$rUROwCBBLRaFDQCfamkPXepbWpWeaJZsxSgtIJRB2LgrYmDaXqJ1W","ADMIN","ADMIN","2000-01-01","010-1234-5678","ADMIN@ADMIN","ADMIN"),
	("USER","$2a$10$t7uJZtqISEuopcX9zfxYxODFyTePIDQvGQ.nX40Lkybz.aBQ7wcHK","USER","USER","2000-01-01","010-1111-1111","USER@USER","USER");

-- 회원등급 등록
INSERT INTO MEMBER_CLASS(MC_NAME, MC_BONUS_POINT, MC_LIMIT_POINT)
VALUES
	("실버", 1, 50000),
    ("골드", 1.05, 100000),
    ("다이아몬드", 1.1, 500000),
    ("다이아몬드플러스", 1.15, 1000000),
    ("플래티넘", 1.2, 10000000);

INSERT INTO POINT(PO_ME_ID)
VALUES
	("USER"), ("ADMIN");

-- 좌석등급 등록
INSERT INTO SEAT_CLASS(SC_NAME, SC_RATIO)
VALUES
	("이코노미", 1),
    ("비지니스", 2),
    ("퍼스트", 4);
    
-- 국가 등록 
INSERT INTO NATION(NA_NAME, NA_DI_NAME)
VALUES
	("한국", "국내"),
	("일본", "동아시아"),
	("중국", "동아시아"),
	("대만", "동아시아"),
	("홍콩", "동아시아"),
	("베트남", "동남아시아"),
	("싱가포르", "동남아시아"),
	("필리핀", "동남아시아"),
	("태국", "동남아시아"),
	("인도", "아시아"),
	("파키스탄", "아시아"),
	("이스라엘", "아시아"),
	("이란", "아시아"),
	("영국", "유럽"),
	("프랑스", "유럽"),
	("네덜란드", "유럽"),
	("독일", "유럽"),
	("오스트리아", "유럽"),
	("스위스", "유럽"),
	("폴란드", "유럽"),
	("헝가리", "유럽"),
	("러시아", "유럽"),
	("우크라이나", "유럽"),
	("이탈리아", "유럽"),
	("스페인", "유럽"),
	("포르투갈", "유럽"),
	("그리스", "유럽"),
	("핀란드", "유럽"),
	("스웨덴", "유럽"),
	("노르웨이", "유럽"),
	("덴마크", "유럽"),
	("아이슬란드", "유럽"),
	("이집트", "아프리카"),
	("에티오피아", "아프리카"),
	("케냐", "아프리카"),
	("남아프리카 공화국", "아프리카"),
	("멕시코", "북아메리카"),
	("미국", "북아메리카"),
	("캐나다", "북아메리카"),
	("브라질", "남아메리카"),
	("베네수엘라", "남아메리카"),
	("아르헨티나", "남아메리카"),
	("칠레", "남아메리카"),
	("괌", "오세아니아"),
	("하와이", "오세아니아"),
	("호주", "오세아니아"),
	("뉴질랜드", "오세아니아");
-- 공항 등록
INSERT INTO AIRPORT(AI_NUM, AI_NAME, AI_NA_NAME, AI_STANDARD_TIME, AI_STANDARD_TYPE)
VALUES
	('ICN', '인천국제공항', '한국', '09:00:00', 1),
    ('GMP', '김포국제공항', '한국', '09:00:00', 1),
    ('PUS', '김해국제공항', '한국', '09:00:00', 1),
    ('CJU', '제주국제공항', '한국', '09:00:00', 1),
    ('MWX', '무안국제공항', '한국', '09:00:00', 1),
    ('YNY', '양양국제공항', '한국', '09:00:00', 1),
    ('CJJ', '청주국제공항', '한국', '09:00:00', 1),
    ('TAE', '대구국제공항', '한국', '09:00:00', 1),
    ('WJU', '원주공항', '한국', '09:00:00', 1),
    ('KPO', '포항경주공항', '한국', '09:00:00', 1),
    ('USN', '울산공항', '한국', '09:00:00', 1),
    ('HIN', '사천공항', '한국', '09:00:00', 1),
    ('KUV', '군산공항', '한국', '09:00:00', 1),
    ('KWJ', '광주공항', '한국', '09:00:00', 1),
    ('RSU', '여수공항', '한국', '09:00:00', 1),
    ('HND', '도쿄 하네다 국제공항', '일본', '09:00:00', 1),
    ('NRT', '도쿄 나리타 국제공항', '일본', '09:00:00', 1),
    ('KIX', '오사카 간사이 국제공항', '일본', '09:00:00', 1),
    ('NGO', '센트레아 나고야 중부국제공항', '일본', '09:00:00', 1),
    ('PEK', '베이징 서우두 국제공항', '중국', '08:00:00', 1),
    ('PKX', '베이징 다싱 국제공항', '중국', '08:00:00', 1),
    ('PVG', '상하이 푸둥 국제공항', '중국', '08:00:00', 1),
    ('SHA', '상하이 훙차오 국제공항', '중국', '08:00:00', 1),
    ('CAN', '광저우 바이윈 국제공항', '중국', '08:00:00', 1),
    ('WUH', '우한 톈허 국제공항', '중국', '08:00:00', 1),
    ('NKG', '난징 루커우 국제공항', '중국', '08:00:00', 1),
    ('HRB', '하얼빈 국제공항', '중국', '08:00:00', 1),
    ('HKG', '홍콩 국제공항', '홍콩', '08:00:00', 1),
    ('TSA', '타이베이 쑹산 국제공항', '대만', '08:00:00', 1),
    ('TPE', '타이완 타오위안 국제공항', '대만', '08:00:00', 1),
    ('KHH', '가오슝 국제공항', '대만', '08:00:00', 1),
    ('RMQ', '타이중 국제공항', '대만', '08:00:00', 1),
    ('SGN', '호치민 떤선녓 국제공항', '베트남', '07:00:00', 1),
    ('HAN', '하노이 노이바이 국제공항', '베트남', '07:00:00', 1),
    ('DAD', '다낭 국제공항', '베트남', '07:00:00', 1),
    ('CXR', '나트랑 국제공항', '베트남', '07:00:00', 1),
    ('SIN', '싱가포르 창이 공항', '싱가포르', '08:00:00', 1),
    ('MNL', '마닐라 니노이 아키노 국제공항', '필리핀', '08:00:00', 1),
    ('CRK', '클락 국제공항', '필리핀', '08:00:00', 1),
    ('PPS', '팔라완 푸에르토프린세사 국제공항', '필리핀', '08:00:00', 1),
    ('CEB', '막탄 세부 국제공항', '필리핀', '08:00:00', 1),
    ('KLO', '칼리보 국제공항', '필리핀', '08:00:00', 1),
    ('DMK', '돈므앙 국제공항', '태국', '07:00:00', 1),
    ('BKK', '수완나품 국제공항', '태국', '07:00:00', 1),
    ('HKT', '푸켓 국제공항', '태국', '07:00:00', 1),
    ('DEL', '델리 인디라 간디 국제공항', '인도', '05:00:00', 1),
    ('BOM', '뭄바이 차트라파티 시바지 국제공항', '인도', '05:00:00', 1),
    ('BLR', '벵갈루루 켐페고다 국제공항', '인도', '05:00:00', 1),
    ('ISB', '이슬라마바드 국제공항', '파키스탄', '05:00:00', 1),
    ('KHI', '카라치 진나 국제공항', '파키스탄', '05:00:00', 1),
    ('TLV', '텔아비브 벤 구리온 국제공항', '이스라엘', '02:00:00', 1),
    ('IKA', '테헤란 이맘 호메이니 국제공항', '이란', '03:30:00', 1),
    ('LHR', '런던 히스로 공항', '영국', '00:00:00', 1),
    ('LCY', '런던 시티 공항', '영국', '00:00:00', 1),
    ('LPL', '리버풀 존 레논 국제공항', '영국', '00:00:00', 1),
    ('MAN', '맨체스터 국제공항', '영국', '00:00:00', 1),
    ('GLA', '글래스고 국제공항', '영국', '00:00:00', 1),
    ('CDG', '파리 샤를 드골 국제공항', '프랑스', '01:00:00', 1),
    ('ORY', '파리 오를리 공항', '프랑스', '01:00:00', 1),
    ('LYS', '리옹 생텍쥐페리 국제공항', '프랑스', '01:00:00', 1),
    ('MRS', '마르세유 프로방스 국제공항', '프랑스', '01:00:00', 1),
    ('SXB', '스트라스부르 엔츠하임 국제공항', '프랑스', '01:00:00', 1),
    ('AMS', '암스테르담 스키폴 국제공항', '네덜란드', '01:00:00', 1),
    ('BER', '베를린 브란덴부르크 국제공항', '독일', '01:00:00', 1),
    ('FRA', '프랑크푸르트 국제공항', '독일', '01:00:00', 1),
    ('MUC', '뮌헨 국제공항', '독일', '01:00:00', 1),
    ('HAM', '함부르크 국제공항', '독일', '01:00:00', 1),
    ('LEJ', '라이프치히-할레 국제공항', '독일', '01:00:00', 1),
    ('VIE', '빈 국제공항', '오스트리아', '01:00:00', 1),
    ('GVA', '제네바 국제공항', '스위스', '01:00:00', 1),
    ('WAW', '바르샤바 쇼팽 국제공항', '폴란드', '01:00:00', 1),
    ('BUD', '부다페스트 리스트 페렌츠 국제공항', '헝가리', '01:00:00', 1),
	('SVO', '모스크바 셰레메티예보 국제공항', '러시아', '03:00:00', 1),
    ('DME', '모스크바 도모데도보 국제공항', '러시아', '03:00:00', 1),
    ('LED', '상트페테르부르크 풀코보 국제공항', '러시아', '03:00:00', 1),
    ('ZIA', '모스크바 주코프스키 국제공항', '러시아', '03:00:00', 1),
    ('VVO', '블라디보스토크 국제공항', '러시아', '10:00:00', 1),
    ('KBP', '키이우 보리스필 국제공항', '우크라이나', '02:00:00', 1),
    ('IEV', '키이우 줄리아니 국제공항', '우크라이나', '02:00:00', 1),
    ('FCO', '로마 레오나르도 다 빈치 국제공항', '이탈리아', '01:00:00', 1),
    ('MXP', '밀라노 말펜사 국제공항', '이탈리아', '01:00:00', 1),
    ('VCE', '베네치아 마르코 폴로 국제공항', '이탈리아', '01:00:00', 1),
    ('MAD', '마드리드 바라하스 국제공항', '스페인', '01:00:00', 1),
    ('BCN', '바르셀로나 엘 프라트 국제공항', '스페인', '01:00:00', 1),
    ('LIS', '리스본 포르텔라 국제공항', '포르투갈', '00:00:00', 1),
    ('ATH', '아테네 엘레프테리오스 베니젤로스 국제공항', '그리스', '01:00:00', 1),
    ('HEL', '헬싱키 반타 국제공항', '핀란드', '02:00:00', 1),
    ('ARN', '스톡홀름 알란다 국제공항', '스웨덴', '01:00:00', 1),
    ('OSL', '오슬로 가르데르모엔 국제공항', '노르웨이', '01:00:00', 1),
    ('CPH', '코펜하겐 카스트루프 국제공항', '덴마크', '01:00:00', 1),
    ('KEF', '케플라비크 국제공항', '아이슬란드', '00:00:00', 1),
    ('CAI', '카이로 국제공항', '이집트', '01:00:00', 1),
    ('ALY', '알렉산드리아 국제공항', '이집트', '01:00:00', 1),
    ('ADD', '아디스아바바 볼레 국제공항', '에티오피아', '03:00:00', 1),
    ('NBO', '나이로비 국제공항', '케냐', '03:00:00', 1),
    ('CPT', '케이프타운 국제공항', '남아프리카 공화국', '02:00:00', 1),
    ('MEX', '멕시코시티 베니토 후아레스 국제공항', '멕시코', '06:00:00', 2),
    ('COS', '콜로라도스프링스 국제공항', '미국', '07:00:00', 2),
    ('JFK', '존 F. 케네디 국제공항', '미국', '05:00:00', 2),
    ('EWR', '뉴어크 리버티 국제공항', '미국', '05:00:00', 2),
    ('IAD', '워싱턴 덜레스 국제공항', '미국', '05:00:00', 2),
    ('DCA', '워싱턴 내셔널 공항', '미국', '05:00:00', 2),
    ('BWI', '볼티모어 워싱턴 국제공항', '미국', '05:00:00', 2),
    ('SFO', '샌프란시스코 국제공항', '미국', '08:00:00', 2),
    ('LAX', '로스앤젤레스 국제공항', '미국', '08:00:00', 2),
    ('SAN', '샌디에이고 국제공항', '미국', '07:00:00', 2),
    ('SEA', '시애틀 타코마 국제공항', '미국', '08:00:00', 2),
    ('ORD', '시카고 오헤어 국제공항', '미국', '06:00:00', 2),
    ('IAH', '휴스턴 조지 부시 인터컨티넨털 국제공항', '미국', '06:00:00', 2),
    ('DFW', '댈러스 포트워스 국제공항', '미국', '06:00:00', 2),
    ('BOS', '보스턴 로건 국제공항', '미국', '05:00:00', 2),
    ('PHL', '필라델피아 국제공항', '미국', '05:00:00', 2),
    ('YVR', '밴쿠버 국제공항', '캐나다', '08:00:00', 2),
    ('YYZ', '토론토 피어슨 국제공항', '캐나다', '05:00:00', 2),
    ('GRU', '상파울루 구아룰류스 국제공항', '브라질', '03:00:00', 2),
    ('GIG', '리우데자네이루 갈레앙 국제공항', '브라질', '03:00:00', 2),
    ('CCS', '시몬 볼리바르 카라카스 국제공항', '베네수엘라', '04:00:00', 2),
    ('EZE', '미니스트로 피스타리니 국제공항', '아르헨티나', '03:00:00', 2),
    ('SCL', '코모도로 아르투로 메리노 베니테스 국제공항', '칠레', '04:00:00', 2),
    ('GUM', '안토니오 B. 원 팻 국제공항', '괌', '10:00:00', 1),
    ('HNL', '다니엘 K. 이노우에 국제공항', '하와이', '10:00:00', 1),
    ('SYD', '시드니 국제공항', '호주', '10:00:00', 1),
    ('CBR', '캔버라 국제공항', '호주', '10:00:00', 1),
    ('AKL', '오클랜드 국제공항', '뉴질랜드', '12:00:00', 1);

-- 비행기 모델 등록
INSERT INTO AIRPLANE_MODEL(AM_MODEL, AM_NAME, AM_COL, AM_ROW, AM_EXIT_COL)
VALUES
	("B737", "보잉 737-700", 31, 6, 13),-- 총좌석 : 160(퍼스트 : 8, 비지니스 : 24, 이코노미 : 128)3-3
	("B738", "보잉 737-800", 34, 6, 14),-- 총좌석 : 180(퍼스트 : 12, 비지니스 : 24, 이코노미 : 144)3-3
	("B763", "보잉 767-300", 32, 8, 9),	-- 총좌석 : 230(퍼스트 : 18, 비지니스 : 30, 이코노미 : 182)4-4
	("B78X", "보잉 787-10", 39, 9, 18),	-- 총좌석 : 300(퍼스트 : 24, 비지니스 : 48, 이코노미 : 228)3-3-3
	("A320", "A320", 30, 6, 8),		-- 총좌석 : 160(퍼스트 : 8, 비지니스 : 20, 이코노미 : 132)3-3
	("A333", "A330-300", 31, 8, 13),	-- 총좌석 : 220(퍼스트 : 18, 비지니스 : 30, 이코노미 : 172)4-4
	("A388", "A380", 39, 9, 18),		-- 총좌석 : 300(퍼스트 : 24, 비지니스 : 48, 이코노미 : 228)3-3-3
	("A148", "An-148", 34, 6, 14),		-- 총좌석 : 180(퍼스트 : 12, 비지니스 : 24, 이코노미 : 144)3-3
	("A158", "An-158", 38, 6, 12),		-- 총좌석 : 200(퍼스트 : 12, 비지니스 : 32, 이코노미 : 156)3-3
	("T204", "Tu-204", 34, 6, 14);		-- 총좌석 : 180(퍼스트 : 12, 비지니스 : 24, 이코노미 : 144)3-3
INSERT INTO PATH(PA_PATH, PA_AM_MODEL)
VALUES
	(3, "B737"),
	(3, "B738"),
	(4, "B763"),
	(3, "B78X"),
	(6, "B78X"),
	(3, "A320"),
	(4, "A333"),
	(3, "A388"),
	(6, "A388"),
	(3, "A148"),
	(3, "A158"),
	(3, "T204");
-- 비행기 좌석 등록
INSERT INTO SEAT(SE_NAME, SE_SC_NAME, SE_AM_MODEL)
VALUES
	-- B737 통로 : 9
	("AF01", "퍼스트", "B737"),
	("AF02", "퍼스트", "B737"),
	("AB03", "비지니스", "B737"),
	("AB04", "비지니스", "B737"),
	("AB05", "비지니스", "B737"),
    ("AB06", "비지니스", "B737"),
	("AB07", "비지니스", "B737"),
	("AB08", "비지니스", "B737"),
	("AE09", "이코노미", "B737"),
	("AE10", "이코노미", "B737"),
    ("AE11", "이코노미", "B737"),
	("AE12", "이코노미", "B737"),
	("AE14", "이코노미", "B737"),
	("AE15", "이코노미", "B737"),
	("AE16", "이코노미", "B737"),
	("AE17", "이코노미", "B737"),
	("AE18", "이코노미", "B737"),
	("AE19", "이코노미", "B737"),
	("AE20", "이코노미", "B737"),
    ("AE21", "이코노미", "B737"),
	("AE22", "이코노미", "B737"),
	("AE23", "이코노미", "B737"),
	("AE24", "이코노미", "B737"),
	("AE25", "이코노미", "B737"),
    ("AE26", "이코노미", "B737"),
	("AE27", "이코노미", "B737"),
	("AE28", "이코노미", "B737"),
	("AE29", "이코노미", "B737"),
	("AE30", "이코노미", "B737"),
	("AE31", "이코노미", "B737"),
	("BE09", "이코노미", "B737"),
	("BE10", "이코노미", "B737"),
    ("BE11", "이코노미", "B737"),
	("BE12", "이코노미", "B737"),
	("BE14", "이코노미", "B737"),
	("BE15", "이코노미", "B737"),
	("BE16", "이코노미", "B737"),
	("BE17", "이코노미", "B737"),
	("BE18", "이코노미", "B737"),
	("BE19", "이코노미", "B737"),
	("BE20", "이코노미", "B737"),
    ("BE21", "이코노미", "B737"),
	("BE22", "이코노미", "B737"),
	("BE23", "이코노미", "B737"),
	("BE24", "이코노미", "B737"),
	("BE25", "이코노미", "B737"),
    ("BE26", "이코노미", "B737"),
	("BE27", "이코노미", "B737"),
	("BE28", "이코노미", "B737"),
	("BE29", "이코노미", "B737"),
	("BE30", "이코노미", "B737"),
	("BE31", "이코노미", "B737"),
    ("CF01", "퍼스트", "B737"),
	("CF02", "퍼스트", "B737"),
	("CB03", "비지니스", "B737"),
	("CB04", "비지니스", "B737"),
	("CB05", "비지니스", "B737"),
    ("CB06", "비지니스", "B737"),
	("CB07", "비지니스", "B737"),
	("CB08", "비지니스", "B737"),
	("CE09", "이코노미", "B737"),
	("CE10", "이코노미", "B737"),
    ("CE11", "이코노미", "B737"),
	("CE15", "이코노미", "B737"),
	("CE16", "이코노미", "B737"),
	("CE17", "이코노미", "B737"),
	("CE18", "이코노미", "B737"),
	("CE19", "이코노미", "B737"),
	("CE20", "이코노미", "B737"),
    ("CE21", "이코노미", "B737"),
	("CE22", "이코노미", "B737"),
	("CE23", "이코노미", "B737"),
	("CE24", "이코노미", "B737"),
	("CE25", "이코노미", "B737"),
    ("CE26", "이코노미", "B737"),
	("CE27", "이코노미", "B737"),
	("CE28", "이코노미", "B737"),
	("CE29", "이코노미", "B737"),
	("CE30", "이코노미", "B737"),
	("CE31", "이코노미", "B737"),
    ("DF01", "퍼스트", "B737"),
	("DF02", "퍼스트", "B737"),
	("DB03", "비지니스", "B737"),
	("DB04", "비지니스", "B737"),
	("DB05", "비지니스", "B737"),
    ("DB06", "비지니스", "B737"),
	("DB07", "비지니스", "B737"),
	("DB08", "비지니스", "B737"),
	("DE09", "이코노미", "B737"),
	("DE10", "이코노미", "B737"),
    ("DE11", "이코노미", "B737"),
	("DE15", "이코노미", "B737"),
	("DE16", "이코노미", "B737"),
	("DE17", "이코노미", "B737"),
	("DE18", "이코노미", "B737"),
	("DE19", "이코노미", "B737"),
	("DE20", "이코노미", "B737"),
    ("DE21", "이코노미", "B737"),
	("DE22", "이코노미", "B737"),
	("DE23", "이코노미", "B737"),
	("DE24", "이코노미", "B737"),
	("DE25", "이코노미", "B737"),
    ("DE26", "이코노미", "B737"),
	("DE27", "이코노미", "B737"),
	("DE28", "이코노미", "B737"),
	("DE29", "이코노미", "B737"),
	("DE30", "이코노미", "B737"),
	("DE31", "이코노미", "B737"),
	("EE09", "이코노미", "B737"),
	("EE10", "이코노미", "B737"),
    ("EE11", "이코노미", "B737"),
	("EE12", "이코노미", "B737"),
	("EE14", "이코노미", "B737"),
	("EE15", "이코노미", "B737"),
	("EE16", "이코노미", "B737"),
	("EE17", "이코노미", "B737"),
	("EE18", "이코노미", "B737"),
	("EE19", "이코노미", "B737"),
	("EE20", "이코노미", "B737"),
    ("EE21", "이코노미", "B737"),
	("EE22", "이코노미", "B737"),
	("EE23", "이코노미", "B737"),
	("EE24", "이코노미", "B737"),
	("EE25", "이코노미", "B737"),
    ("EE26", "이코노미", "B737"),
	("EE27", "이코노미", "B737"),
	("EE28", "이코노미", "B737"),
	("EE29", "이코노미", "B737"),
	("EE30", "이코노미", "B737"),
	("EE31", "이코노미", "B737"),
    ("FF01", "퍼스트", "B737"),
	("FF02", "퍼스트", "B737"),
	("FB03", "비지니스", "B737"),
	("FB04", "비지니스", "B737"),
	("FB05", "비지니스", "B737"),
    ("FB06", "비지니스", "B737"),
	("FB07", "비지니스", "B737"),
	("FB08", "비지니스", "B737"),
	("FE09", "이코노미", "B737"),
	("FE10", "이코노미", "B737"),
    ("FE11", "이코노미", "B737"),
	("FE12", "이코노미", "B737"),
	("FE14", "이코노미", "B737"),
	("FE15", "이코노미", "B737"),
	("FE16", "이코노미", "B737"),
	("FE17", "이코노미", "B737"),
	("FE18", "이코노미", "B737"),
	("FE19", "이코노미", "B737"),
	("FE20", "이코노미", "B737"),
    ("FE21", "이코노미", "B737"),
	("FE22", "이코노미", "B737"),
	("FE23", "이코노미", "B737"),
	("FE24", "이코노미", "B737"),
	("FE25", "이코노미", "B737"),
    ("FE26", "이코노미", "B737"),
	("FE27", "이코노미", "B737"),
	("FE28", "이코노미", "B737"),
	("FE29", "이코노미", "B737"),
	("FE30", "이코노미", "B737"),
	("FE31", "이코노미", "B737"),
	

    -- B738 통로 : 14
	("AF01", "퍼스트", "B738"),
    ("AF02", "퍼스트", "B738"),
    ("AF03", "퍼스트", "B738"),
    ("AB04", "비지니스", "B738"),
    ("AB05", "비지니스", "B738"),
    ("AB06", "비지니스", "B738"),
    ("AB07", "비지니스", "B738"),
    ("AB08", "비지니스", "B738"),
    ("AB09", "비지니스", "B738"),
    ("AE10", "이코노미", "B738"),
    ("AE11", "이코노미", "B738"),
    ("AE12", "이코노미", "B738"),
    ("AE13", "이코노미", "B738"),
    ("AE15", "이코노미", "B738"),
    ("AE16", "이코노미", "B738"),
    ("AE17", "이코노미", "B738"),
    ("AE18", "이코노미", "B738"),
    ("AE19", "이코노미", "B738"),
    ("AE20", "이코노미", "B738"),
    ("AE21", "이코노미", "B738"),
    ("AE22", "이코노미", "B738"),
    ("AE23", "이코노미", "B738"),
    ("AE24", "이코노미", "B738"),
    ("AE25", "이코노미", "B738"),
    ("AE26", "이코노미", "B738"),
    ("AE27", "이코노미", "B738"),
    ("AE28", "이코노미", "B738"),
    ("AE29", "이코노미", "B738"),
    ("AE30", "이코노미", "B738"),
    ("AE31", "이코노미", "B738"),
    ("AE32", "이코노미", "B738"),
    ("AE33", "이코노미", "B738"),
    ("AE34", "이코노미", "B738"),
    ("BE10", "이코노미", "B738"),
    ("BE11", "이코노미", "B738"),
    ("BE12", "이코노미", "B738"),
    ("BE13", "이코노미", "B738"),
    ("BE15", "이코노미", "B738"),
    ("BE16", "이코노미", "B738"),
    ("BE17", "이코노미", "B738"),
    ("BE18", "이코노미", "B738"),
    ("BE19", "이코노미", "B738"),
    ("BE20", "이코노미", "B738"),
    ("BE21", "이코노미", "B738"),
    ("BE22", "이코노미", "B738"),
    ("BE23", "이코노미", "B738"),
    ("BE24", "이코노미", "B738"),
    ("BE25", "이코노미", "B738"),
    ("BE26", "이코노미", "B738"),
    ("BE27", "이코노미", "B738"),
    ("BE28", "이코노미", "B738"),
    ("BE29", "이코노미", "B738"),
    ("BE30", "이코노미", "B738"),
    ("BE31", "이코노미", "B738"),
    ("BE32", "이코노미", "B738"),
    ("BE33", "이코노미", "B738"),
    ("BE34", "이코노미", "B738"),
    ("CF01", "퍼스트", "B738"),
    ("CF02", "퍼스트", "B738"),
    ("CF03", "퍼스트", "B738"),
    ("CB04", "비지니스", "B738"),
    ("CB05", "비지니스", "B738"),
    ("CB06", "비지니스", "B738"),
    ("CB07", "비지니스", "B738"),
    ("CB08", "비지니스", "B738"),
    ("CB09", "비지니스", "B738"),
    ("CE10", "이코노미", "B738"),
    ("CE11", "이코노미", "B738"),
    ("CE12", "이코노미", "B738"),
    ("CE13", "이코노미", "B738"),
    ("CE15", "이코노미", "B738"),
    ("CE16", "이코노미", "B738"),
    ("CE17", "이코노미", "B738"),
    ("CE18", "이코노미", "B738"),
    ("CE19", "이코노미", "B738"),
    ("CE20", "이코노미", "B738"),
    ("CE21", "이코노미", "B738"),
    ("CE22", "이코노미", "B738"),
    ("CE23", "이코노미", "B738"),
    ("CE24", "이코노미", "B738"),
    ("CE25", "이코노미", "B738"),
    ("CE26", "이코노미", "B738"),
    ("CE27", "이코노미", "B738"),
    ("CE28", "이코노미", "B738"),
    ("CE29", "이코노미", "B738"),
    ("CE30", "이코노미", "B738"),
    ("CE31", "이코노미", "B738"),
    ("CE32", "이코노미", "B738"),
    ("CE33", "이코노미", "B738"),
    ("CE34", "이코노미", "B738"),
    ("DF01", "퍼스트", "B738"),
    ("DF02", "퍼스트", "B738"),
    ("DF03", "퍼스트", "B738"),
    ("DB04", "비지니스", "B738"),
    ("DB05", "비지니스", "B738"),
    ("DB06", "비지니스", "B738"),
    ("DB07", "비지니스", "B738"),
    ("DB08", "비지니스", "B738"),
    ("DB09", "비지니스", "B738"),
    ("DE10", "이코노미", "B738"),
    ("DE11", "이코노미", "B738"),
    ("DE12", "이코노미", "B738"),
    ("DE13", "이코노미", "B738"),
    ("DE15", "이코노미", "B738"),
    ("DE16", "이코노미", "B738"),
    ("DE17", "이코노미", "B738"),
    ("DE18", "이코노미", "B738"),
    ("DE19", "이코노미", "B738"),
    ("DE20", "이코노미", "B738"),
    ("DE21", "이코노미", "B738"),
    ("DE22", "이코노미", "B738"),
    ("DE23", "이코노미", "B738"),
    ("DE24", "이코노미", "B738"),
    ("DE25", "이코노미", "B738"),
    ("DE26", "이코노미", "B738"),
    ("DE27", "이코노미", "B738"),
    ("DE28", "이코노미", "B738"),
    ("DE29", "이코노미", "B738"),
    ("DE30", "이코노미", "B738"),
    ("DE31", "이코노미", "B738"),
    ("DE32", "이코노미", "B738"),
    ("DE33", "이코노미", "B738"),
    ("DE34", "이코노미", "B738"),
    ("EE10", "이코노미", "B738"),
    ("EE11", "이코노미", "B738"),
    ("EE12", "이코노미", "B738"),
    ("EE13", "이코노미", "B738"),
    ("EE15", "이코노미", "B738"),
    ("EE16", "이코노미", "B738"),
    ("EE17", "이코노미", "B738"),
    ("EE18", "이코노미", "B738"),
    ("EE19", "이코노미", "B738"),
    ("EE20", "이코노미", "B738"),
    ("EE21", "이코노미", "B738"),
    ("EE22", "이코노미", "B738"),
    ("EE23", "이코노미", "B738"),
    ("EE24", "이코노미", "B738"),
    ("EE25", "이코노미", "B738"),
    ("EE26", "이코노미", "B738"),
    ("EE27", "이코노미", "B738"),
    ("EE28", "이코노미", "B738"),
    ("EE29", "이코노미", "B738"),
    ("EE30", "이코노미", "B738"),
    ("EE31", "이코노미", "B738"),
    ("EE32", "이코노미", "B738"),
    ("EE33", "이코노미", "B738"),
    ("EE34", "이코노미", "B738"),
    ("FF01", "퍼스트", "B738"),
    ("FF02", "퍼스트", "B738"),
    ("FF03", "퍼스트", "B738"),
    ("FB04", "비지니스", "B738"),
    ("FB05", "비지니스", "B738"),
    ("FB06", "비지니스", "B738"),
    ("FB07", "비지니스", "B738"),
    ("FB08", "비지니스", "B738"),
    ("FB09", "비지니스", "B738"),
    ("FE10", "이코노미", "B738"),
    ("FE11", "이코노미", "B738"),
    ("FE12", "이코노미", "B738"),
    ("FE13", "이코노미", "B738"),
    ("FE15", "이코노미", "B738"),
    ("FE16", "이코노미", "B738"),
    ("FE17", "이코노미", "B738"),
    ("FE18", "이코노미", "B738"),
    ("FE19", "이코노미", "B738"),
    ("FE20", "이코노미", "B738"),
    ("FE21", "이코노미", "B738"),
    ("FE22", "이코노미", "B738"),
    ("FE23", "이코노미", "B738"),
    ("FE24", "이코노미", "B738"),
    ("FE25", "이코노미", "B738"),
    ("FE26", "이코노미", "B738"),
    ("FE27", "이코노미", "B738"),
    ("FE28", "이코노미", "B738"),
    ("FE29", "이코노미", "B738"),
    ("FE30", "이코노미", "B738"),
    ("FE31", "이코노미", "B738"),
    ("FE32", "이코노미", "B738"),
    ("FE33", "이코노미", "B738"),
    ("FE34", "이코노미", "B738"),
    
    -- B763
    ("AF01", "퍼스트", "B763"),
    ("AF02", "퍼스트", "B763"),
    ("AF03", "퍼스트", "B763"),
    ("AB04", "비지니스", "B763"),
    ("AB05", "비지니스", "B763"),
    ("AB06", "비지니스", "B763"),
    ("AB07", "비지니스", "B763"),
    ("AB08", "비지니스", "B763"),
    ("AE10", "이코노미", "B763"),
    ("AE11", "이코노미", "B763"),
    ("AE12", "이코노미", "B763"),
    ("AE13", "이코노미", "B763"),
    ("AE14", "이코노미", "B763"),
    ("AE15", "이코노미", "B763"),
    ("AE16", "이코노미", "B763"),
    ("AE17", "이코노미", "B763"),
    ("AE18", "이코노미", "B763"),
    ("AE19", "이코노미", "B763"),
    ("AE20", "이코노미", "B763"),
    ("AE21", "이코노미", "B763"),
    ("AE22", "이코노미", "B763"),
    ("AE23", "이코노미", "B763"),
    ("AE24", "이코노미", "B763"),
    ("AE25", "이코노미", "B763"),
    ("AE26", "이코노미", "B763"),
    ("AE27", "이코노미", "B763"),
    ("AE28", "이코노미", "B763"),
    ("AE29", "이코노미", "B763"),
    ("AE30", "이코노미", "B763"),
    ("AE31", "이코노미", "B763"),
    ("AE32", "이코노미", "B763"),
    ("BE10", "이코노미", "B763"),
    ("BE11", "이코노미", "B763"),
    ("BE12", "이코노미", "B763"),
    ("BE13", "이코노미", "B763"),
    ("BE14", "이코노미", "B763"),
    ("BE15", "이코노미", "B763"),
    ("BE16", "이코노미", "B763"),
    ("BE17", "이코노미", "B763"),
    ("BE18", "이코노미", "B763"),
    ("BE19", "이코노미", "B763"),
    ("BE20", "이코노미", "B763"),
    ("BE21", "이코노미", "B763"),
    ("BE22", "이코노미", "B763"),
    ("BE23", "이코노미", "B763"),
    ("BE24", "이코노미", "B763"),
    ("BE25", "이코노미", "B763"),
    ("BE26", "이코노미", "B763"),
    ("BE27", "이코노미", "B763"),
    ("BE28", "이코노미", "B763"),
    ("BE29", "이코노미", "B763"),
    ("BE30", "이코노미", "B763"),
    ("BE31", "이코노미", "B763"),
    ("BE32", "이코노미", "B763"),
    ("CF01", "퍼스트", "B763"),
    ("CF02", "퍼스트", "B763"),
    ("CF03", "퍼스트", "B763"),
    ("CB04", "비지니스", "B763"),
    ("CB05", "비지니스", "B763"),
    ("CB06", "비지니스", "B763"),
    ("CB07", "비지니스", "B763"),
    ("CB08", "비지니스", "B763"),
    ("CE10", "이코노미", "B763"),
    ("CE11", "이코노미", "B763"),
    ("CE12", "이코노미", "B763"),
    ("CE13", "이코노미", "B763"),
    ("CE14", "이코노미", "B763"),
    ("CE15", "이코노미", "B763"),
    ("CE16", "이코노미", "B763"),
    ("CE17", "이코노미", "B763"),
    ("CE18", "이코노미", "B763"),
    ("CE19", "이코노미", "B763"),
    ("CE20", "이코노미", "B763"),
    ("CE21", "이코노미", "B763"),
    ("CE22", "이코노미", "B763"),
    ("CE23", "이코노미", "B763"),
    ("CE24", "이코노미", "B763"),
    ("CE25", "이코노미", "B763"),
    ("CE26", "이코노미", "B763"),
    ("CE27", "이코노미", "B763"),
    ("CE28", "이코노미", "B763"),
    ("CE29", "이코노미", "B763"),
    ("CE30", "이코노미", "B763"),
    ("CE31", "이코노미", "B763"),
    ("CE32", "이코노미", "B763"),
    ("DF01", "퍼스트", "B763"),
    ("DF02", "퍼스트", "B763"),
    ("DF03", "퍼스트", "B763"),
    ("DB04", "비지니스", "B763"),
    ("DB05", "비지니스", "B763"),
    ("DB06", "비지니스", "B763"),
    ("DB07", "비지니스", "B763"),
    ("DB08", "비지니스", "B763"),
    ("DE11", "이코노미", "B763"),
    ("DE12", "이코노미", "B763"),
    ("DE13", "이코노미", "B763"),
    ("DE14", "이코노미", "B763"),
    ("DE15", "이코노미", "B763"),
    ("DE16", "이코노미", "B763"),
    ("DE17", "이코노미", "B763"),
    ("DE18", "이코노미", "B763"),
    ("DE19", "이코노미", "B763"),
    ("DE20", "이코노미", "B763"),
    ("DE21", "이코노미", "B763"),
    ("DE22", "이코노미", "B763"),
    ("DE23", "이코노미", "B763"),
    ("DE24", "이코노미", "B763"),
    ("DE25", "이코노미", "B763"),
    ("DE26", "이코노미", "B763"),
    ("DE27", "이코노미", "B763"),
    ("DE28", "이코노미", "B763"),
    ("DE29", "이코노미", "B763"),
    ("DE30", "이코노미", "B763"),
    ("DE31", "이코노미", "B763"),
    ("DE32", "이코노미", "B763"),
    ("EF01", "퍼스트", "B763"),
    ("EF02", "퍼스트", "B763"),
    ("EF03", "퍼스트", "B763"),
    ("EB04", "비지니스", "B763"),
    ("EB05", "비지니스", "B763"),
    ("EB06", "비지니스", "B763"),
    ("EB07", "비지니스", "B763"),
    ("EB08", "비지니스", "B763"),
    ("EE11", "이코노미", "B763"),
    ("EE12", "이코노미", "B763"),
    ("EE13", "이코노미", "B763"),
    ("EE14", "이코노미", "B763"),
    ("EE15", "이코노미", "B763"),
    ("EE16", "이코노미", "B763"),
    ("EE17", "이코노미", "B763"),
    ("EE18", "이코노미", "B763"),
    ("EE19", "이코노미", "B763"),
    ("EE20", "이코노미", "B763"),
    ("EE21", "이코노미", "B763"),
    ("EE22", "이코노미", "B763"),
    ("EE23", "이코노미", "B763"),
    ("EE24", "이코노미", "B763"),
    ("EE25", "이코노미", "B763"),
    ("EE26", "이코노미", "B763"),
    ("EE27", "이코노미", "B763"),
    ("EE28", "이코노미", "B763"),
    ("EE29", "이코노미", "B763"),
    ("EE30", "이코노미", "B763"),
    ("EE31", "이코노미", "B763"),
    ("EE32", "이코노미", "B763"),
    ("FF01", "퍼스트", "B763"),
    ("FF02", "퍼스트", "B763"),
    ("FF03", "퍼스트", "B763"),
    ("FF04", "비지니스", "B763"),
    ("FF05", "비지니스", "B763"),
    ("FF06", "비지니스", "B763"),
    ("FF07", "비지니스", "B763"),
    ("FF08", "비지니스", "B763"),
    ("FE10", "이코노미", "B763"),
    ("FE11", "이코노미", "B763"),
    ("FE12", "이코노미", "B763"),
    ("FE13", "이코노미", "B763"),
    ("FE14", "이코노미", "B763"),
    ("FE15", "이코노미", "B763"),
    ("FE16", "이코노미", "B763"),
    ("FE17", "이코노미", "B763"),
    ("FE18", "이코노미", "B763"),
    ("FE19", "이코노미", "B763"),
    ("FE20", "이코노미", "B763"),
    ("FE21", "이코노미", "B763"),
    ("FE22", "이코노미", "B763"),
    ("FE23", "이코노미", "B763"),
    ("FE24", "이코노미", "B763"),
    ("FE25", "이코노미", "B763"),
    ("FE26", "이코노미", "B763"),
    ("FE27", "이코노미", "B763"),
    ("FE28", "이코노미", "B763"),
    ("FE29", "이코노미", "B763"),
    ("FE30", "이코노미", "B763"),
    ("FE31", "이코노미", "B763"),
    ("FE32", "이코노미", "B763"),
    ("GE10", "이코노미", "B763"),
    ("GE11", "이코노미", "B763"),
    ("GE12", "이코노미", "B763"),
    ("GE13", "이코노미", "B763"),
    ("GE14", "이코노미", "B763"),
    ("GE15", "이코노미", "B763"),
    ("GE16", "이코노미", "B763"),
    ("GE17", "이코노미", "B763"),
    ("GE18", "이코노미", "B763"),
    ("GE19", "이코노미", "B763"),
    ("GE20", "이코노미", "B763"),
    ("GE21", "이코노미", "B763"),
    ("GE22", "이코노미", "B763"),
    ("GE23", "이코노미", "B763"),
    ("GE24", "이코노미", "B763"),
    ("GE25", "이코노미", "B763"),
    ("GE26", "이코노미", "B763"),
    ("GE27", "이코노미", "B763"),
    ("GE28", "이코노미", "B763"),
    ("GE29", "이코노미", "B763"),
    ("GE30", "이코노미", "B763"),
    ("GE31", "이코노미", "B763"),
    ("GE32", "이코노미", "B763"),
    ("HF01", "퍼스트", "B763"),
    ("HF02", "퍼스트", "B763"),
    ("HF03", "퍼스트", "B763"),
    ("HB04", "비지니스", "B763"),
    ("HB05", "비지니스", "B763"),
    ("HB06", "비지니스", "B763"),
    ("HB07", "비지니스", "B763"),
    ("HB08", "비지니스", "B763"),
    ("HE10", "이코노미", "B763"),
    ("HE11", "이코노미", "B763"),
    ("HE12", "이코노미", "B763"),
    ("HE13", "이코노미", "B763"),
    ("HE14", "이코노미", "B763"),
    ("HE15", "이코노미", "B763"),
    ("HE16", "이코노미", "B763"),
    ("HE17", "이코노미", "B763"),
    ("HE18", "이코노미", "B763"),
    ("HE19", "이코노미", "B763"),
    ("HE20", "이코노미", "B763"),
    ("HE21", "이코노미", "B763"),
    ("HE22", "이코노미", "B763"),
    ("HE23", "이코노미", "B763"),
    ("HE24", "이코노미", "B763"),
    ("HE25", "이코노미", "B763"),
    ("HE26", "이코노미", "B763"),
    ("HE27", "이코노미", "B763"),
    ("HE28", "이코노미", "B763"),
    ("HE29", "이코노미", "B763"),
    ("HE30", "이코노미", "B763"),
    ("HE31", "이코노미", "B763"),
    ("HE32", "이코노미", "B763"),
    
    -- B78X
    ("AF01", "퍼스트", "B78X"),
    ("AF02", "퍼스트", "B78X"),
    ("AF03", "퍼스트", "B78X"),
    ("AF04", "퍼스트", "B78X"),
    ("AB05", "비지니스", "B78X"),
    ("AB06", "비지니스", "B78X"),
    ("AB07", "비지니스", "B78X"),
    ("AB08", "비지니스", "B78X"),
    ("AB09", "비지니스", "B78X"),
    ("AB10", "비지니스", "B78X"),
    ("AB11", "비지니스", "B78X"),
    ("AB12", "비지니스", "B78X"),
    ("AE13", "이코노미", "B78X"),
    ("AE14", "이코노미", "B78X"),
    ("AE15", "이코노미", "B78X"),
    ("AE16", "이코노미", "B78X"),
    ("AE17", "이코노미", "B78X"),
    ("AE19", "이코노미", "B78X"),
    ("AE20", "이코노미", "B78X"),
    ("AE21", "이코노미", "B78X"),
    ("AE22", "이코노미", "B78X"),
    ("AE23", "이코노미", "B78X"),
    ("AE24", "이코노미", "B78X"),
    ("AE25", "이코노미", "B78X"),
    ("AE26", "이코노미", "B78X"),
    ("AE27", "이코노미", "B78X"),
    ("AE28", "이코노미", "B78X"),
    ("AE29", "이코노미", "B78X"),
    ("AE30", "이코노미", "B78X"),
    ("AE31", "이코노미", "B78X"),
    ("AE32", "이코노미", "B78X"),
    ("AE33", "이코노미", "B78X"),
    ("AE34", "이코노미", "B78X"),
    ("AE35", "이코노미", "B78X"),
    ("AE36", "이코노미", "B78X"),
    ("AE37", "이코노미", "B78X"),
    ("AE38", "이코노미", "B78X"),
    ("AE39", "이코노미", "B78X"),
    ("BE13", "이코노미", "B78X"),
    ("BE14", "이코노미", "B78X"),
    ("BE15", "이코노미", "B78X"),
    ("BE16", "이코노미", "B78X"),
    ("BE17", "이코노미", "B78X"),
    ("BE19", "이코노미", "B78X"),
    ("BE20", "이코노미", "B78X"),
    ("BE21", "이코노미", "B78X"),
    ("BE22", "이코노미", "B78X"),
    ("BE23", "이코노미", "B78X"),
    ("BE24", "이코노미", "B78X"),
    ("BE25", "이코노미", "B78X"),
    ("BE26", "이코노미", "B78X"),
    ("BE27", "이코노미", "B78X"),
    ("BE28", "이코노미", "B78X"),
    ("BE29", "이코노미", "B78X"),
    ("BE30", "이코노미", "B78X"),
    ("BE31", "이코노미", "B78X"),
    ("BE32", "이코노미", "B78X"),
    ("BE33", "이코노미", "B78X"),
    ("BE34", "이코노미", "B78X"),
    ("BE35", "이코노미", "B78X"),
    ("BE36", "이코노미", "B78X"),
    ("BE37", "이코노미", "B78X"),
    ("BE38", "이코노미", "B78X"),
    ("BE39", "이코노미", "B78X"),
    ("CF01", "퍼스트", "B78X"),
    ("CF02", "퍼스트", "B78X"),
    ("CF03", "퍼스트", "B78X"),
    ("CF04", "퍼스트", "B78X"),
    ("CB05", "비지니스", "B78X"),
    ("CB06", "비지니스", "B78X"),
    ("CB07", "비지니스", "B78X"),
    ("CB08", "비지니스", "B78X"),
    ("CB09", "비지니스", "B78X"),
    ("CB10", "비지니스", "B78X"),
    ("CB11", "비지니스", "B78X"),
    ("CB12", "비지니스", "B78X"),
    ("CE13", "이코노미", "B78X"),
    ("CE14", "이코노미", "B78X"),
    ("CE15", "이코노미", "B78X"),
    ("CE16", "이코노미", "B78X"),
    ("CE17", "이코노미", "B78X"),
    ("CE19", "이코노미", "B78X"),
    ("CE20", "이코노미", "B78X"),
    ("CE21", "이코노미", "B78X"),
    ("CE22", "이코노미", "B78X"),
    ("CE23", "이코노미", "B78X"),
    ("CE24", "이코노미", "B78X"),
    ("CE25", "이코노미", "B78X"),
    ("CE26", "이코노미", "B78X"),
    ("CE27", "이코노미", "B78X"),
    ("CE28", "이코노미", "B78X"),
    ("CE29", "이코노미", "B78X"),
    ("CE30", "이코노미", "B78X"),
    ("CE31", "이코노미", "B78X"),
    ("CE32", "이코노미", "B78X"),
    ("CE33", "이코노미", "B78X"),
    ("CE34", "이코노미", "B78X"),
    ("CE35", "이코노미", "B78X"),
    ("CE36", "이코노미", "B78X"),
    ("CE37", "이코노미", "B78X"),
    ("CE38", "이코노미", "B78X"),
    ("CE39", "이코노미", "B78X"),
    ("DF01", "퍼스트", "B78X"),
    ("DF02", "퍼스트", "B78X"),
    ("DF03", "퍼스트", "B78X"),
    ("DF04", "퍼스트", "B78X"),
    ("DB05", "비지니스", "B78X"),
    ("DB06", "비지니스", "B78X"),
    ("DB07", "비지니스", "B78X"),
    ("DB08", "비지니스", "B78X"),
    ("DB09", "비지니스", "B78X"),
    ("DB10", "비지니스", "B78X"),
    ("DB11", "비지니스", "B78X"),
    ("DB12", "비지니스", "B78X"),
    ("DE13", "이코노미", "B78X"),
    ("DE14", "이코노미", "B78X"),
    ("DE15", "이코노미", "B78X"),
    ("DE16", "이코노미", "B78X"),
    ("DE20", "이코노미", "B78X"),
    ("DE21", "이코노미", "B78X"),
    ("DE22", "이코노미", "B78X"),
    ("DE23", "이코노미", "B78X"),
    ("DE24", "이코노미", "B78X"),
    ("DE25", "이코노미", "B78X"),
    ("DE26", "이코노미", "B78X"),
    ("DE27", "이코노미", "B78X"),
    ("DE28", "이코노미", "B78X"),
    ("DE29", "이코노미", "B78X"),
    ("DE30", "이코노미", "B78X"),
    ("DE31", "이코노미", "B78X"),
    ("DE32", "이코노미", "B78X"),
    ("DE33", "이코노미", "B78X"),
    ("DE34", "이코노미", "B78X"),
    ("DE35", "이코노미", "B78X"),
    ("DE36", "이코노미", "B78X"),
    ("DE37", "이코노미", "B78X"),
    ("DE38", "이코노미", "B78X"),
    ("DE39", "이코노미", "B78X"),
    ("EE13", "이코노미", "B78X"),
    ("EE14", "이코노미", "B78X"),
    ("EE15", "이코노미", "B78X"),
    ("EE16", "이코노미", "B78X"),
    ("EE20", "이코노미", "B78X"),
    ("EE21", "이코노미", "B78X"),
    ("EE22", "이코노미", "B78X"),
    ("EE23", "이코노미", "B78X"),
    ("EE24", "이코노미", "B78X"),
    ("EE25", "이코노미", "B78X"),
    ("EE26", "이코노미", "B78X"),
    ("EE27", "이코노미", "B78X"),
    ("EE28", "이코노미", "B78X"),
    ("EE29", "이코노미", "B78X"),
    ("EE30", "이코노미", "B78X"),
    ("EE31", "이코노미", "B78X"),
    ("EE32", "이코노미", "B78X"),
    ("EE33", "이코노미", "B78X"),
    ("EE34", "이코노미", "B78X"),
    ("EE35", "이코노미", "B78X"),
    ("EE36", "이코노미", "B78X"),
    ("EE37", "이코노미", "B78X"),
    ("EE38", "이코노미", "B78X"),
    ("EE39", "이코노미", "B78X"),
    ("FF01", "퍼스트", "B78X"),
    ("FF02", "퍼스트", "B78X"),
    ("FF03", "퍼스트", "B78X"),
    ("FF04", "퍼스트", "B78X"),
    ("FB05", "비지니스", "B78X"),
    ("FB06", "비지니스", "B78X"),
    ("FB07", "비지니스", "B78X"),
    ("FB08", "비지니스", "B78X"),
    ("FB09", "비지니스", "B78X"),
    ("FB10", "비지니스", "B78X"),
    ("FB11", "비지니스", "B78X"),
    ("FB12", "비지니스", "B78X"),
    ("FE13", "이코노미", "B78X"),
    ("FE14", "이코노미", "B78X"),
    ("FE15", "이코노미", "B78X"),
    ("FE16", "이코노미", "B78X"),
    ("FE20", "이코노미", "B78X"),
    ("FE21", "이코노미", "B78X"),
    ("FE22", "이코노미", "B78X"),
    ("FE23", "이코노미", "B78X"),
    ("FE24", "이코노미", "B78X"),
    ("FE25", "이코노미", "B78X"),
    ("FE26", "이코노미", "B78X"),
    ("FE27", "이코노미", "B78X"),
    ("FE28", "이코노미", "B78X"),
    ("FE29", "이코노미", "B78X"),
    ("FE30", "이코노미", "B78X"),
    ("FE31", "이코노미", "B78X"),
    ("FE32", "이코노미", "B78X"),
    ("FE33", "이코노미", "B78X"),
    ("FE34", "이코노미", "B78X"),
    ("FE35", "이코노미", "B78X"),
    ("FE36", "이코노미", "B78X"),
    ("FE37", "이코노미", "B78X"),
    ("FE38", "이코노미", "B78X"),
    ("FE39", "이코노미", "B78X"),
    ("GF01", "퍼스트", "B78X"),
    ("GF02", "퍼스트", "B78X"),
    ("GF03", "퍼스트", "B78X"),
    ("GF04", "퍼스트", "B78X"),
    ("GB05", "비지니스", "B78X"),
    ("GB06", "비지니스", "B78X"),
    ("GB07", "비지니스", "B78X"),
    ("GB08", "비지니스", "B78X"),
    ("GB09", "비지니스", "B78X"),
    ("GB10", "비지니스", "B78X"),
    ("GB11", "비지니스", "B78X"),
    ("GB12", "비지니스", "B78X"),
    ("GE13", "이코노미", "B78X"),
    ("GE14", "이코노미", "B78X"),
    ("GE15", "이코노미", "B78X"),
    ("GE16", "이코노미", "B78X"),
    ("GE17", "이코노미", "B78X"),
    ("GE19", "이코노미", "B78X"),
    ("GE20", "이코노미", "B78X"),
    ("GE21", "이코노미", "B78X"),
    ("GE22", "이코노미", "B78X"),
    ("GE23", "이코노미", "B78X"),
    ("GE24", "이코노미", "B78X"),
    ("GE25", "이코노미", "B78X"),
    ("GE26", "이코노미", "B78X"),
    ("GE27", "이코노미", "B78X"),
    ("GE28", "이코노미", "B78X"),
    ("GE29", "이코노미", "B78X"),
    ("GE30", "이코노미", "B78X"),
    ("GE31", "이코노미", "B78X"),
    ("GE32", "이코노미", "B78X"),
    ("GE33", "이코노미", "B78X"),
    ("GE34", "이코노미", "B78X"),
    ("GE35", "이코노미", "B78X"),
    ("GE36", "이코노미", "B78X"),
    ("GE37", "이코노미", "B78X"),
    ("GE38", "이코노미", "B78X"),
    ("GE39", "이코노미", "B78X"),
    ("HE13", "이코노미", "B78X"),
    ("HE14", "이코노미", "B78X"),
    ("HE15", "이코노미", "B78X"),
    ("HE16", "이코노미", "B78X"),
    ("HE17", "이코노미", "B78X"),
    ("HE19", "이코노미", "B78X"),
    ("HE20", "이코노미", "B78X"),
    ("HE21", "이코노미", "B78X"),
    ("HE22", "이코노미", "B78X"),
    ("HE23", "이코노미", "B78X"),
    ("HE24", "이코노미", "B78X"),
    ("HE25", "이코노미", "B78X"),
    ("HE26", "이코노미", "B78X"),
    ("HE27", "이코노미", "B78X"),
    ("HE28", "이코노미", "B78X"),
    ("HE29", "이코노미", "B78X"),
    ("HE30", "이코노미", "B78X"),
    ("HE31", "이코노미", "B78X"),
    ("HE32", "이코노미", "B78X"),
    ("HE33", "이코노미", "B78X"),
    ("HE34", "이코노미", "B78X"),
    ("HE35", "이코노미", "B78X"),
    ("HE36", "이코노미", "B78X"),
    ("HE37", "이코노미", "B78X"),
    ("HE38", "이코노미", "B78X"),
    ("HE39", "이코노미", "B78X"),
    ("IF01", "퍼스트", "B78X"),
    ("IF02", "퍼스트", "B78X"),
    ("IF03", "퍼스트", "B78X"),
    ("IF04", "퍼스트", "B78X"),
    ("IB05", "비지니스", "B78X"),
    ("IB06", "비지니스", "B78X"),
    ("IB07", "비지니스", "B78X"),
    ("IB08", "비지니스", "B78X"),
    ("IB09", "비지니스", "B78X"),
    ("IB10", "비지니스", "B78X"),
    ("IB11", "비지니스", "B78X"),
    ("IB12", "비지니스", "B78X"),
    ("IE13", "이코노미", "B78X"),
    ("IE14", "이코노미", "B78X"),
    ("IE15", "이코노미", "B78X"),
    ("IE16", "이코노미", "B78X"),
    ("IE17", "이코노미", "B78X"),
    ("IE19", "이코노미", "B78X"),
    ("IE20", "이코노미", "B78X"),
    ("IE21", "이코노미", "B78X"),
    ("IE22", "이코노미", "B78X"),
    ("IE23", "이코노미", "B78X"),
    ("IE24", "이코노미", "B78X"),
    ("IE25", "이코노미", "B78X"),
    ("IE26", "이코노미", "B78X"),
    ("IE27", "이코노미", "B78X"),
    ("IE28", "이코노미", "B78X"),
    ("IE29", "이코노미", "B78X"),
    ("IE30", "이코노미", "B78X"),
    ("IE31", "이코노미", "B78X"),
    ("IE32", "이코노미", "B78X"),
    ("IE33", "이코노미", "B78X"),
    ("IE34", "이코노미", "B78X"),
    ("IE35", "이코노미", "B78X"),
    ("IE36", "이코노미", "B78X"),
    ("IE37", "이코노미", "B78X"),
    ("IE38", "이코노미", "B78X"),
    ("IE39", "이코노미", "B78X"),
    
    -- A320
    ("AF01", "퍼스트", "A320"),
    ("AF02", "퍼스트", "A320"),
    ("AB03", "비지니스", "A320"),
    ("AB04", "비지니스", "A320"),
    ("AB05", "비지니스", "A320"),
    ("AB06", "비지니스", "A320"),
    ("AB07", "비지니스", "A320"),
    ("AE09", "이코노미", "A320"),
    ("AE10", "이코노미", "A320"),
    ("AE11", "이코노미", "A320"),
    ("AE12", "이코노미", "A320"),
    ("AE13", "이코노미", "A320"),
    ("AE14", "이코노미", "A320"),
    ("AE15", "이코노미", "A320"),
    ("AE16", "이코노미", "A320"),
    ("AE17", "이코노미", "A320"),
    ("AE18", "이코노미", "A320"),
    ("AE19", "이코노미", "A320"),
    ("AE20", "이코노미", "A320"),
    ("AE21", "이코노미", "A320"),
    ("AE22", "이코노미", "A320"),
    ("AE23", "이코노미", "A320"),
    ("AE24", "이코노미", "A320"),
    ("AE25", "이코노미", "A320"),
    ("AE26", "이코노미", "A320"),
    ("AE27", "이코노미", "A320"),
    ("AE28", "이코노미", "A320"),
    ("AE29", "이코노미", "A320"),
    ("AE30", "이코노미", "A320"),
    ("BE09", "이코노미", "A320"),
    ("BE10", "이코노미", "A320"),
    ("BE11", "이코노미", "A320"),
    ("BE12", "이코노미", "A320"),
    ("BE13", "이코노미", "A320"),
    ("BE14", "이코노미", "A320"),
    ("BE15", "이코노미", "A320"),
    ("BE16", "이코노미", "A320"),
    ("BE17", "이코노미", "A320"),
    ("BE18", "이코노미", "A320"),
    ("BE19", "이코노미", "A320"),
    ("BE20", "이코노미", "A320"),
    ("BE21", "이코노미", "A320"),
    ("BE22", "이코노미", "A320"),
    ("BE23", "이코노미", "A320"),
    ("BE24", "이코노미", "A320"),
    ("BE25", "이코노미", "A320"),
    ("BE26", "이코노미", "A320"),
    ("BE27", "이코노미", "A320"),
    ("BE28", "이코노미", "A320"),
    ("BE29", "이코노미", "A320"),
    ("BE30", "이코노미", "A320"),
	("CF01", "퍼스트", "A320"),
    ("CF02", "퍼스트", "A320"),
    ("CB03", "비지니스", "A320"),
    ("CB04", "비지니스", "A320"),
    ("CB05", "비지니스", "A320"),
    ("CB06", "비지니스", "A320"),
    ("CB07", "비지니스", "A320"),
    ("CE09", "이코노미", "A320"),
    ("CE10", "이코노미", "A320"),
    ("CE11", "이코노미", "A320"),
    ("CE12", "이코노미", "A320"),
    ("CE13", "이코노미", "A320"),
    ("CE14", "이코노미", "A320"),
    ("CE15", "이코노미", "A320"),
    ("CE16", "이코노미", "A320"),
    ("CE17", "이코노미", "A320"),
    ("CE18", "이코노미", "A320"),
    ("CE19", "이코노미", "A320"),
    ("CE20", "이코노미", "A320"),
    ("CE21", "이코노미", "A320"),
    ("CE22", "이코노미", "A320"),
    ("CE23", "이코노미", "A320"),
    ("CE24", "이코노미", "A320"),
    ("CE25", "이코노미", "A320"),
    ("CE26", "이코노미", "A320"),
    ("CE27", "이코노미", "A320"),
    ("CE28", "이코노미", "A320"),
    ("CE29", "이코노미", "A320"),
    ("CE30", "이코노미", "A320"),
    ("DF01", "퍼스트", "A320"),
    ("DF02", "퍼스트", "A320"),
    ("DB03", "비지니스", "A320"),
    ("DB04", "비지니스", "A320"),
    ("DB05", "비지니스", "A320"),
    ("DB06", "비지니스", "A320"),
    ("DB07", "비지니스", "A320"),
    ("DE09", "이코노미", "A320"),
    ("DE10", "이코노미", "A320"),
    ("DE11", "이코노미", "A320"),
    ("DE12", "이코노미", "A320"),
    ("DE13", "이코노미", "A320"),
    ("DE14", "이코노미", "A320"),
    ("DE15", "이코노미", "A320"),
    ("DE16", "이코노미", "A320"),
    ("DE17", "이코노미", "A320"),
    ("DE18", "이코노미", "A320"),
    ("DE19", "이코노미", "A320"),
    ("DE20", "이코노미", "A320"),
    ("DE21", "이코노미", "A320"),
    ("DE22", "이코노미", "A320"),
    ("DE23", "이코노미", "A320"),
    ("DE24", "이코노미", "A320"),
    ("DE25", "이코노미", "A320"),
    ("DE26", "이코노미", "A320"),
    ("DE27", "이코노미", "A320"),
    ("DE28", "이코노미", "A320"),
    ("DE29", "이코노미", "A320"),
    ("DE30", "이코노미", "A320"),
    ("EE09", "이코노미", "A320"),
    ("EE10", "이코노미", "A320"),
    ("EE11", "이코노미", "A320"),
    ("EE12", "이코노미", "A320"),
    ("EE13", "이코노미", "A320"),
    ("EE14", "이코노미", "A320"),
    ("EE15", "이코노미", "A320"),
    ("EE16", "이코노미", "A320"),
    ("EE17", "이코노미", "A320"),
    ("EE18", "이코노미", "A320"),
    ("EE19", "이코노미", "A320"),
    ("EE20", "이코노미", "A320"),
    ("EE21", "이코노미", "A320"),
    ("EE22", "이코노미", "A320"),
    ("EE23", "이코노미", "A320"),
    ("EE24", "이코노미", "A320"),
    ("EE25", "이코노미", "A320"),
    ("EE26", "이코노미", "A320"),
    ("EE27", "이코노미", "A320"),
    ("EE28", "이코노미", "A320"),
    ("EE29", "이코노미", "A320"),
    ("EE30", "이코노미", "A320"),
	("FF01", "퍼스트", "A320"),
    ("FF02", "퍼스트", "A320"),
    ("FB03", "비지니스", "A320"),
    ("FB04", "비지니스", "A320"),
    ("FB05", "비지니스", "A320"),
    ("FB06", "비지니스", "A320"),
    ("FB07", "비지니스", "A320"),
    ("FE09", "이코노미", "A320"),
    ("FE10", "이코노미", "A320"),
    ("FE11", "이코노미", "A320"),
    ("FE12", "이코노미", "A320"),
    ("FE13", "이코노미", "A320"),
    ("FE14", "이코노미", "A320"),
    ("FE15", "이코노미", "A320"),
    ("FE16", "이코노미", "A320"),
    ("FE17", "이코노미", "A320"),
    ("FE18", "이코노미", "A320"),
    ("FE19", "이코노미", "A320"),
    ("FE20", "이코노미", "A320"),
    ("FE21", "이코노미", "A320"),
    ("FE22", "이코노미", "A320"),
    ("FE23", "이코노미", "A320"),
    ("FE24", "이코노미", "A320"),
    ("FE25", "이코노미", "A320"),
    ("FE26", "이코노미", "A320"),
    ("FE27", "이코노미", "A320"),
    ("FE28", "이코노미", "A320"),
    ("FE29", "이코노미", "A320"),
    ("FE30", "이코노미", "A320"),
    
    -- A333
    ("AF01", "퍼스트", "A333"),
    ("AF02", "퍼스트", "A333"),
    ("AF03", "퍼스트", "A333"),
    ("AB04", "비지니스", "A333"),
    ("AB05", "비지니스", "A333"),
    ("AB06", "비지니스", "A333"),
    ("AB07", "비지니스", "A333"),
    ("AB08", "비지니스", "A333"),
    ("AE09", "이코노미", "A333"),
    ("AE10", "이코노미", "A333"),
    ("AE11", "이코노미", "A333"),
    ("AE12", "이코노미", "A333"),
    ("AE14", "이코노미", "A333"),
    ("AE15", "이코노미", "A333"),
    ("AE16", "이코노미", "A333"),
    ("AE17", "이코노미", "A333"),
    ("AE18", "이코노미", "A333"),
    ("AE19", "이코노미", "A333"),
    ("AE20", "이코노미", "A333"),
    ("AE21", "이코노미", "A333"),
    ("AE22", "이코노미", "A333"),
    ("AE23", "이코노미", "A333"),
    ("AE24", "이코노미", "A333"),
    ("AE25", "이코노미", "A333"),
    ("AE26", "이코노미", "A333"),
    ("AE27", "이코노미", "A333"),
    ("AE28", "이코노미", "A333"),
    ("AE29", "이코노미", "A333"),
    ("AE30", "이코노미", "A333"),
    ("AE31", "이코노미", "A333"),
    ("BE09", "이코노미", "A333"),
    ("BE10", "이코노미", "A333"),
    ("BE11", "이코노미", "A333"),
    ("BE12", "이코노미", "A333"),
    ("BE14", "이코노미", "A333"),
    ("BE15", "이코노미", "A333"),
    ("BE16", "이코노미", "A333"),
    ("BE17", "이코노미", "A333"),
    ("BE18", "이코노미", "A333"),
    ("BE19", "이코노미", "A333"),
    ("BE20", "이코노미", "A333"),
    ("BE21", "이코노미", "A333"),
    ("BE22", "이코노미", "A333"),
    ("BE23", "이코노미", "A333"),
    ("BE24", "이코노미", "A333"),
    ("BE25", "이코노미", "A333"),
    ("BE26", "이코노미", "A333"),
    ("BE27", "이코노미", "A333"),
    ("BE28", "이코노미", "A333"),
    ("BE29", "이코노미", "A333"),
    ("BE30", "이코노미", "A333"),
    ("BE31", "이코노미", "A333"),
    ("CF01", "퍼스트", "A333"),
    ("CF02", "퍼스트", "A333"),
    ("CF03", "퍼스트", "A333"),
    ("CB04", "비지니스", "A333"),
    ("CB05", "비지니스", "A333"),
    ("CB06", "비지니스", "A333"),
    ("CB07", "비지니스", "A333"),
    ("CB08", "비지니스", "A333"),
    ("CE09", "이코노미", "A333"),
    ("CE10", "이코노미", "A333"),
    ("CE11", "이코노미", "A333"),
    ("CE12", "이코노미", "A333"),
    ("CE14", "이코노미", "A333"),
    ("CE15", "이코노미", "A333"),
    ("CE16", "이코노미", "A333"),
    ("CE17", "이코노미", "A333"),
    ("CE18", "이코노미", "A333"),
    ("CE19", "이코노미", "A333"),
    ("CE20", "이코노미", "A333"),
    ("CE21", "이코노미", "A333"),
    ("CE22", "이코노미", "A333"),
    ("CE23", "이코노미", "A333"),
    ("CE24", "이코노미", "A333"),
    ("CE25", "이코노미", "A333"),
    ("CE26", "이코노미", "A333"),
    ("CE27", "이코노미", "A333"),
    ("CE28", "이코노미", "A333"),
    ("CE29", "이코노미", "A333"),
    ("CE30", "이코노미", "A333"),
    ("CE31", "이코노미", "A333"),
    ("DF01", "퍼스트", "A333"),
    ("DF02", "퍼스트", "A333"),
    ("DF03", "퍼스트", "A333"),
    ("DB04", "비지니스", "A333"),
    ("DB05", "비지니스", "A333"),
    ("DB06", "비지니스", "A333"),
    ("DB07", "비지니스", "A333"),
    ("DB08", "비지니스", "A333"),
    ("DE09", "이코노미", "A333"),
    ("DE10", "이코노미", "A333"),
    ("DE11", "이코노미", "A333"),
    ("DE15", "이코노미", "A333"),
    ("DE16", "이코노미", "A333"),
    ("DE17", "이코노미", "A333"),
    ("DE18", "이코노미", "A333"),
    ("DE19", "이코노미", "A333"),
    ("DE20", "이코노미", "A333"),
    ("DE21", "이코노미", "A333"),
    ("DE22", "이코노미", "A333"),
    ("DE23", "이코노미", "A333"),
    ("DE24", "이코노미", "A333"),
    ("DE25", "이코노미", "A333"),
    ("DE26", "이코노미", "A333"),
    ("DE27", "이코노미", "A333"),
    ("DE28", "이코노미", "A333"),
    ("DE29", "이코노미", "A333"),
    ("DE30", "이코노미", "A333"),
    ("DE31", "이코노미", "A333"),
    ("EF01", "퍼스트", "A333"),
    ("EF02", "퍼스트", "A333"),
    ("EF03", "퍼스트", "A333"),
    ("EB04", "비지니스", "A333"),
    ("EB05", "비지니스", "A333"),
    ("EB06", "비지니스", "A333"),
    ("EB07", "비지니스", "A333"),
    ("EB08", "비지니스", "A333"),
    ("EE09", "이코노미", "A333"),
    ("EE10", "이코노미", "A333"),
    ("EE11", "이코노미", "A333"),
    ("EE15", "이코노미", "A333"),
    ("EE16", "이코노미", "A333"),
    ("EE17", "이코노미", "A333"),
    ("EE18", "이코노미", "A333"),
    ("EE19", "이코노미", "A333"),
    ("EE20", "이코노미", "A333"),
    ("EE21", "이코노미", "A333"),
    ("EE22", "이코노미", "A333"),
    ("EE23", "이코노미", "A333"),
    ("EE24", "이코노미", "A333"),
    ("EE25", "이코노미", "A333"),
    ("EE26", "이코노미", "A333"),
    ("EE27", "이코노미", "A333"),
    ("EE28", "이코노미", "A333"),
    ("EE29", "이코노미", "A333"),
    ("EE30", "이코노미", "A333"),
    ("EE31", "이코노미", "A333"),
    ("FF01", "퍼스트", "A333"),
    ("FF02", "퍼스트", "A333"),
    ("FF03", "퍼스트", "A333"),
    ("FB04", "비지니스", "A333"),
    ("FB05", "비지니스", "A333"),
    ("FB06", "비지니스", "A333"),
    ("FB07", "비지니스", "A333"),
    ("FB08", "비지니스", "A333"),
    ("FE09", "이코노미", "A333"),
    ("FE10", "이코노미", "A333"),
    ("FE11", "이코노미", "A333"),
    ("FE12", "이코노미", "A333"),
    ("FE14", "이코노미", "A333"),
    ("FE15", "이코노미", "A333"),
    ("FE16", "이코노미", "A333"),
    ("FE17", "이코노미", "A333"),
    ("FE18", "이코노미", "A333"),
    ("FE19", "이코노미", "A333"),
    ("FE20", "이코노미", "A333"),
    ("FE21", "이코노미", "A333"),
    ("FE22", "이코노미", "A333"),
    ("FE23", "이코노미", "A333"),
    ("FE24", "이코노미", "A333"),
    ("FE25", "이코노미", "A333"),
    ("FE26", "이코노미", "A333"),
    ("FE27", "이코노미", "A333"),
    ("FE28", "이코노미", "A333"),
    ("FE29", "이코노미", "A333"),
    ("FE30", "이코노미", "A333"),
    ("FE31", "이코노미", "A333"),
    ("HF09", "이코노미", "A333"),
    ("GE10", "이코노미", "A333"),
    ("GE11", "이코노미", "A333"),
    ("GE12", "이코노미", "A333"),
    ("GE14", "이코노미", "A333"),
    ("GE15", "이코노미", "A333"),
    ("GE16", "이코노미", "A333"),
    ("GE17", "이코노미", "A333"),
    ("GE18", "이코노미", "A333"),
    ("GE19", "이코노미", "A333"),
    ("GE20", "이코노미", "A333"),
    ("GE21", "이코노미", "A333"),
    ("GE22", "이코노미", "A333"),
    ("GE23", "이코노미", "A333"),
    ("GE24", "이코노미", "A333"),
    ("GE25", "이코노미", "A333"),
    ("GE26", "이코노미", "A333"),
    ("GE27", "이코노미", "A333"),
    ("GE28", "이코노미", "A333"),
    ("GE29", "이코노미", "A333"),
    ("GE30", "이코노미", "A333"),
    ("GE31", "이코노미", "A333"),
    ("HF01", "퍼스트", "A333"),
    ("HF02", "퍼스트", "A333"),
    ("HF03", "퍼스트", "A333"),
    ("HB04", "비지니스", "A333"),
    ("HB05", "비지니스", "A333"),
    ("HB06", "비지니스", "A333"),
    ("HB07", "비지니스", "A333"),
    ("HB08", "비지니스", "A333"),
    ("HE09", "이코노미", "A333"),
    ("HE10", "이코노미", "A333"),
    ("HE11", "이코노미", "A333"),
    ("HE12", "이코노미", "A333"),
    ("HE14", "이코노미", "A333"),
    ("HE15", "이코노미", "A333"),
    ("HE16", "이코노미", "A333"),
    ("HE17", "이코노미", "A333"),
    ("HE18", "이코노미", "A333"),
    ("HE19", "이코노미", "A333"),
    ("HE20", "이코노미", "A333"),
    ("HE21", "이코노미", "A333"),
    ("HE22", "이코노미", "A333"),
    ("HE23", "이코노미", "A333"),
    ("HE24", "이코노미", "A333"),
    ("HE25", "이코노미", "A333"),
    ("HE26", "이코노미", "A333"),
    ("HE27", "이코노미", "A333"),
    ("HE28", "이코노미", "A333"),
    ("HE29", "이코노미", "A333"),
    ("HE30", "이코노미", "A333"),
    ("HE31", "이코노미", "A333"),
    
    -- A388
    ("AF01", "퍼스트", "A388"),
    ("AF02", "퍼스트", "A388"),
    ("AF03", "퍼스트", "A388"),
    ("AF04", "퍼스트", "A388"),
    ("AB05", "비지니스", "A388"),
    ("AB06", "비지니스", "A388"),
    ("AB07", "비지니스", "A388"),
    ("AB08", "비지니스", "A388"),
    ("AB09", "비지니스", "A388"),
    ("AB10", "비지니스", "A388"),
    ("AB11", "비지니스", "A388"),
    ("AB12", "비지니스", "A388"),
    ("AE13", "이코노미", "A388"),
    ("AE14", "이코노미", "A388"),
    ("AE15", "이코노미", "A388"),
    ("AE16", "이코노미", "A388"),
    ("AE17", "이코노미", "A388"),
    ("AE19", "이코노미", "A388"),
    ("AE20", "이코노미", "A388"),
    ("AE21", "이코노미", "A388"),
    ("AE22", "이코노미", "A388"),
    ("AE23", "이코노미", "A388"),
    ("AE24", "이코노미", "A388"),
    ("AE25", "이코노미", "A388"),
    ("AE26", "이코노미", "A388"),
    ("AE27", "이코노미", "A388"),
    ("AE28", "이코노미", "A388"),
    ("AE29", "이코노미", "A388"),
    ("AE30", "이코노미", "A388"),
    ("AE31", "이코노미", "A388"),
    ("AE32", "이코노미", "A388"),
    ("AE33", "이코노미", "A388"),
    ("AE34", "이코노미", "A388"),
    ("AE35", "이코노미", "A388"),
    ("AE36", "이코노미", "A388"),
    ("AE37", "이코노미", "A388"),
    ("AE38", "이코노미", "A388"),
    ("AE39", "이코노미", "A388"),
    ("BE13", "이코노미", "A388"),
    ("BE14", "이코노미", "A388"),
    ("BE15", "이코노미", "A388"),
    ("BE16", "이코노미", "A388"),
    ("BE17", "이코노미", "A388"),
    ("BE19", "이코노미", "A388"),
    ("BE20", "이코노미", "A388"),
    ("BE21", "이코노미", "A388"),
    ("BE22", "이코노미", "A388"),
    ("BE23", "이코노미", "A388"),
    ("BE24", "이코노미", "A388"),
    ("BE25", "이코노미", "A388"),
    ("BE26", "이코노미", "A388"),
    ("BE27", "이코노미", "A388"),
    ("BE28", "이코노미", "A388"),
    ("BE29", "이코노미", "A388"),
    ("BE30", "이코노미", "A388"),
    ("BE31", "이코노미", "A388"),
    ("BE32", "이코노미", "A388"),
    ("BE33", "이코노미", "A388"),
    ("BE34", "이코노미", "A388"),
    ("BE35", "이코노미", "A388"),
    ("BE36", "이코노미", "A388"),
    ("BE37", "이코노미", "A388"),
    ("BE38", "이코노미", "A388"),
    ("BE39", "이코노미", "A388"),
    ("CF01", "퍼스트", "A388"),
    ("CF02", "퍼스트", "A388"),
    ("CF03", "퍼스트", "A388"),
    ("CF04", "퍼스트", "A388"),
    ("CB05", "비지니스", "A388"),
    ("CB06", "비지니스", "A388"),
    ("CB07", "비지니스", "A388"),
    ("CB08", "비지니스", "A388"),
    ("CB09", "비지니스", "A388"),
    ("CB10", "비지니스", "A388"),
    ("CB11", "비지니스", "A388"),
    ("CB12", "비지니스", "A388"),
    ("CE13", "이코노미", "A388"),
    ("CE14", "이코노미", "A388"),
    ("CE15", "이코노미", "A388"),
    ("CE16", "이코노미", "A388"),
    ("CE17", "이코노미", "A388"),
    ("CE19", "이코노미", "A388"),
    ("CE20", "이코노미", "A388"),
    ("CE21", "이코노미", "A388"),
    ("CE22", "이코노미", "A388"),
    ("CE23", "이코노미", "A388"),
    ("CE24", "이코노미", "A388"),
    ("CE25", "이코노미", "A388"),
    ("CE26", "이코노미", "A388"),
    ("CE27", "이코노미", "A388"),
    ("CE28", "이코노미", "A388"),
    ("CE29", "이코노미", "A388"),
    ("CE30", "이코노미", "A388"),
    ("CE31", "이코노미", "A388"),
    ("CE32", "이코노미", "A388"),
    ("CE33", "이코노미", "A388"),
    ("CE34", "이코노미", "A388"),
    ("CE35", "이코노미", "A388"),
    ("CE36", "이코노미", "A388"),
    ("CE37", "이코노미", "A388"),
    ("CE38", "이코노미", "A388"),
    ("CE39", "이코노미", "A388"),
    ("DF01", "퍼스트", "A388"),
    ("DF02", "퍼스트", "A388"),
    ("DF03", "퍼스트", "A388"),
    ("DF04", "퍼스트", "A388"),
    ("DB05", "비지니스", "A388"),
    ("DB06", "비지니스", "A388"),
    ("DB07", "비지니스", "A388"),
    ("DB08", "비지니스", "A388"),
    ("DB09", "비지니스", "A388"),
    ("DB10", "비지니스", "A388"),
    ("DB11", "비지니스", "A388"),
    ("DB12", "비지니스", "A388"),
    ("DE13", "이코노미", "A388"),
    ("DE14", "이코노미", "A388"),
    ("DE15", "이코노미", "A388"),
    ("DE16", "이코노미", "A388"),
    ("DE20", "이코노미", "A388"),
    ("DE21", "이코노미", "A388"),
    ("DE22", "이코노미", "A388"),
    ("DE23", "이코노미", "A388"),
    ("DE24", "이코노미", "A388"),
    ("DE25", "이코노미", "A388"),
    ("DE26", "이코노미", "A388"),
    ("DE27", "이코노미", "A388"),
    ("DE28", "이코노미", "A388"),
    ("DE29", "이코노미", "A388"),
    ("DE30", "이코노미", "A388"),
    ("DE31", "이코노미", "A388"),
    ("DE32", "이코노미", "A388"),
    ("DE33", "이코노미", "A388"),
    ("DE34", "이코노미", "A388"),
    ("DE35", "이코노미", "A388"),
    ("DE36", "이코노미", "A388"),
    ("DE37", "이코노미", "A388"),
    ("DE38", "이코노미", "A388"),
    ("DE39", "이코노미", "A388"),
    ("EE13", "이코노미", "A388"),
    ("EE14", "이코노미", "A388"),
    ("EE15", "이코노미", "A388"),
    ("EE16", "이코노미", "A388"),
    ("EE20", "이코노미", "A388"),
    ("EE21", "이코노미", "A388"),
    ("EE22", "이코노미", "A388"),
    ("EE23", "이코노미", "A388"),
    ("EE24", "이코노미", "A388"),
    ("EE25", "이코노미", "A388"),
    ("EE26", "이코노미", "A388"),
    ("EE27", "이코노미", "A388"),
    ("EE28", "이코노미", "A388"),
    ("EE29", "이코노미", "A388"),
    ("EE30", "이코노미", "A388"),
    ("EE31", "이코노미", "A388"),
    ("EE32", "이코노미", "A388"),
    ("EE33", "이코노미", "A388"),
    ("EE34", "이코노미", "A388"),
    ("EE35", "이코노미", "A388"),
    ("EE36", "이코노미", "A388"),
    ("EE37", "이코노미", "A388"),
    ("EE38", "이코노미", "A388"),
    ("EE39", "이코노미", "A388"),
    ("FF01", "퍼스트", "A388"),
    ("FF02", "퍼스트", "A388"),
    ("FF03", "퍼스트", "A388"),
    ("FF04", "퍼스트", "A388"),
    ("FB05", "비지니스", "A388"),
    ("FB06", "비지니스", "A388"),
    ("FB07", "비지니스", "A388"),
    ("FB08", "비지니스", "A388"),
    ("FB09", "비지니스", "A388"),
    ("FB10", "비지니스", "A388"),
    ("FB11", "비지니스", "A388"),
    ("FB12", "비지니스", "A388"),
    ("FE13", "이코노미", "A388"),
    ("FE14", "이코노미", "A388"),
    ("FE15", "이코노미", "A388"),
    ("FE16", "이코노미", "A388"),
    ("FE20", "이코노미", "A388"),
    ("FE21", "이코노미", "A388"),
    ("FE22", "이코노미", "A388"),
    ("FE23", "이코노미", "A388"),
    ("FE24", "이코노미", "A388"),
    ("FE25", "이코노미", "A388"),
    ("FE26", "이코노미", "A388"),
    ("FE27", "이코노미", "A388"),
    ("FE28", "이코노미", "A388"),
    ("FE29", "이코노미", "A388"),
    ("FE30", "이코노미", "A388"),
    ("FE31", "이코노미", "A388"),
    ("FE32", "이코노미", "A388"),
    ("FE33", "이코노미", "A388"),
    ("FE34", "이코노미", "A388"),
    ("FE35", "이코노미", "A388"),
    ("FE36", "이코노미", "A388"),
    ("FE37", "이코노미", "A388"),
    ("FE38", "이코노미", "A388"),
    ("FE39", "이코노미", "A388"),
    ("GF01", "퍼스트", "A388"),
    ("GF02", "퍼스트", "A388"),
    ("GF03", "퍼스트", "A388"),
    ("GF04", "퍼스트", "A388"),
    ("GB05", "비지니스", "A388"),
    ("GB06", "비지니스", "A388"),
    ("GB07", "비지니스", "A388"),
    ("GB08", "비지니스", "A388"),
    ("GB09", "비지니스", "A388"),
    ("GB10", "비지니스", "A388"),
    ("GB11", "비지니스", "A388"),
    ("GB12", "비지니스", "A388"),
    ("GE13", "이코노미", "A388"),
    ("GE14", "이코노미", "A388"),
    ("GE15", "이코노미", "A388"),
    ("GE16", "이코노미", "A388"),
    ("GE17", "이코노미", "A388"),
    ("GE19", "이코노미", "A388"),
    ("GE20", "이코노미", "A388"),
    ("GE21", "이코노미", "A388"),
    ("GE22", "이코노미", "A388"),
    ("GE23", "이코노미", "A388"),
    ("GE24", "이코노미", "A388"),
    ("GE25", "이코노미", "A388"),
    ("GE26", "이코노미", "A388"),
    ("GE27", "이코노미", "A388"),
    ("GE28", "이코노미", "A388"),
    ("GE29", "이코노미", "A388"),
    ("GE30", "이코노미", "A388"),
    ("GE31", "이코노미", "A388"),
    ("GE32", "이코노미", "A388"),
    ("GE33", "이코노미", "A388"),
    ("GE34", "이코노미", "A388"),
    ("GE35", "이코노미", "A388"),
    ("GE36", "이코노미", "A388"),
    ("GE37", "이코노미", "A388"),
    ("GE38", "이코노미", "A388"),
    ("GE39", "이코노미", "A388"),
    ("HE13", "이코노미", "A388"),
    ("HE14", "이코노미", "A388"),
    ("HE15", "이코노미", "A388"),
    ("HE16", "이코노미", "A388"),
    ("HE17", "이코노미", "A388"),
    ("HE19", "이코노미", "A388"),
    ("HE20", "이코노미", "A388"),
    ("HE21", "이코노미", "A388"),
    ("HE22", "이코노미", "A388"),
    ("HE23", "이코노미", "A388"),
    ("HE24", "이코노미", "A388"),
    ("HE25", "이코노미", "A388"),
    ("HE26", "이코노미", "A388"),
    ("HE27", "이코노미", "A388"),
    ("HE28", "이코노미", "A388"),
    ("HE29", "이코노미", "A388"),
    ("HE30", "이코노미", "A388"),
    ("HE31", "이코노미", "A388"),
    ("HE32", "이코노미", "A388"),
    ("HE33", "이코노미", "A388"),
    ("HE34", "이코노미", "A388"),
    ("HE35", "이코노미", "A388"),
    ("HE36", "이코노미", "A388"),
    ("HE37", "이코노미", "A388"),
    ("HE38", "이코노미", "A388"),
    ("HE39", "이코노미", "A388"),
    ("IF01", "퍼스트", "A388"),
    ("IF02", "퍼스트", "A388"),
    ("IF03", "퍼스트", "A388"),
    ("IF04", "퍼스트", "A388"),
    ("IB05", "비지니스", "A388"),
    ("IB06", "비지니스", "A388"),
    ("IB07", "비지니스", "A388"),
    ("IB08", "비지니스", "A388"),
    ("IB09", "비지니스", "A388"),
    ("IB10", "비지니스", "A388"),
    ("IB11", "비지니스", "A388"),
    ("IB12", "비지니스", "A388"),
    ("IE13", "이코노미", "A388"),
    ("IE14", "이코노미", "A388"),
    ("IE15", "이코노미", "A388"),
    ("IE16", "이코노미", "A388"),
    ("IE17", "이코노미", "A388"),
    ("IE19", "이코노미", "A388"),
    ("IE20", "이코노미", "A388"),
    ("IE21", "이코노미", "A388"),
    ("IE22", "이코노미", "A388"),
    ("IE23", "이코노미", "A388"),
    ("IE24", "이코노미", "A388"),
    ("IE25", "이코노미", "A388"),
    ("IE26", "이코노미", "A388"),
    ("IE27", "이코노미", "A388"),
    ("IE28", "이코노미", "A388"),
    ("IE29", "이코노미", "A388"),
    ("IE30", "이코노미", "A388"),
    ("IE31", "이코노미", "A388"),
    ("IE32", "이코노미", "A388"),
    ("IE33", "이코노미", "A388"),
    ("IE34", "이코노미", "A388"),
    ("IE35", "이코노미", "A388"),
    ("IE36", "이코노미", "A388"),
    ("IE37", "이코노미", "A388"),
    ("IE38", "이코노미", "A388"),
    ("IE39", "이코노미", "A388"),
    
    -- A148
    ("AF01", "퍼스트", "A148"),
    ("AF02", "퍼스트", "A148"),
    ("AF03", "퍼스트", "A148"),
    ("AB04", "비지니스", "A148"),
    ("AB05", "비지니스", "A148"),
    ("AB06", "비지니스", "A148"),
    ("AB07", "비지니스", "A148"),
    ("AB08", "비지니스", "A148"),
    ("AB09", "비지니스", "A148"),
    ("AE10", "이코노미", "A148"),
    ("AE11", "이코노미", "A148"),
    ("AE12", "이코노미", "A148"),
    ("AE13", "이코노미", "A148"),
    ("AE15", "이코노미", "A148"),
    ("AE16", "이코노미", "A148"),
    ("AE17", "이코노미", "A148"),
    ("AE18", "이코노미", "A148"),
    ("AE19", "이코노미", "A148"),
    ("AE20", "이코노미", "A148"),
    ("AE21", "이코노미", "A148"),
    ("AE22", "이코노미", "A148"),
    ("AE23", "이코노미", "A148"),
    ("AE24", "이코노미", "A148"),
    ("AE25", "이코노미", "A148"),
    ("AE26", "이코노미", "A148"),
    ("AE27", "이코노미", "A148"),
    ("AE28", "이코노미", "A148"),
    ("AE29", "이코노미", "A148"),
    ("AE30", "이코노미", "A148"),
    ("AE31", "이코노미", "A148"),
    ("AE32", "이코노미", "A148"),
    ("AE33", "이코노미", "A148"),
    ("AE34", "이코노미", "A148"),
    ("BE10", "이코노미", "A148"),
    ("BE11", "이코노미", "A148"),
    ("BE12", "이코노미", "A148"),
    ("BE13", "이코노미", "A148"),
    ("BE15", "이코노미", "A148"),
    ("BE16", "이코노미", "A148"),
    ("BE17", "이코노미", "A148"),
    ("BE18", "이코노미", "A148"),
    ("BE19", "이코노미", "A148"),
    ("BE20", "이코노미", "A148"),
    ("BE21", "이코노미", "A148"),
    ("BE22", "이코노미", "A148"),
    ("BE23", "이코노미", "A148"),
    ("BE24", "이코노미", "A148"),
    ("BE25", "이코노미", "A148"),
    ("BE26", "이코노미", "A148"),
    ("BE27", "이코노미", "A148"),
    ("BE28", "이코노미", "A148"),
    ("BE29", "이코노미", "A148"),
    ("BE30", "이코노미", "A148"),
    ("BE31", "이코노미", "A148"),
    ("BE32", "이코노미", "A148"),
    ("BE33", "이코노미", "A148"),
    ("BE34", "이코노미", "A148"),
    ("CF01", "퍼스트", "A148"),
    ("CF02", "퍼스트", "A148"),
    ("CF03", "퍼스트", "A148"),
    ("CB04", "비지니스", "A148"),
    ("CB05", "비지니스", "A148"),
    ("CB06", "비지니스", "A148"),
    ("CB07", "비지니스", "A148"),
    ("CB08", "비지니스", "A148"),
    ("CB09", "비지니스", "A148"),
    ("CE10", "이코노미", "A148"),
    ("CE11", "이코노미", "A148"),
    ("CE12", "이코노미", "A148"),
    ("CE13", "이코노미", "A148"),
    ("CE15", "이코노미", "A148"),
    ("CE16", "이코노미", "A148"),
    ("CE17", "이코노미", "A148"),
    ("CE18", "이코노미", "A148"),
    ("CE19", "이코노미", "A148"),
    ("CE20", "이코노미", "A148"),
    ("CE21", "이코노미", "A148"),
    ("CE22", "이코노미", "A148"),
    ("CE23", "이코노미", "A148"),
    ("CE24", "이코노미", "A148"),
    ("CE25", "이코노미", "A148"),
    ("CE26", "이코노미", "A148"),
    ("CE27", "이코노미", "A148"),
    ("CE28", "이코노미", "A148"),
    ("CE29", "이코노미", "A148"),
    ("CE30", "이코노미", "A148"),
    ("CE31", "이코노미", "A148"),
    ("CE32", "이코노미", "A148"),
    ("CE33", "이코노미", "A148"),
    ("CE34", "이코노미", "A148"),
    ("DF01", "퍼스트", "A148"),
    ("DF02", "퍼스트", "A148"),
    ("DF03", "퍼스트", "A148"),
    ("DB04", "비지니스", "A148"),
    ("DB05", "비지니스", "A148"),
    ("DB06", "비지니스", "A148"),
    ("DB07", "비지니스", "A148"),
    ("DB08", "비지니스", "A148"),
    ("DB09", "비지니스", "A148"),
    ("DE10", "이코노미", "A148"),
    ("DE11", "이코노미", "A148"),
    ("DE12", "이코노미", "A148"),
    ("DE13", "이코노미", "A148"),
    ("DE15", "이코노미", "A148"),
    ("DE16", "이코노미", "A148"),
    ("DE17", "이코노미", "A148"),
    ("DE18", "이코노미", "A148"),
    ("DE19", "이코노미", "A148"),
    ("DE20", "이코노미", "A148"),
    ("DE21", "이코노미", "A148"),
    ("DE22", "이코노미", "A148"),
    ("DE23", "이코노미", "A148"),
    ("DE24", "이코노미", "A148"),
    ("DE25", "이코노미", "A148"),
    ("DE26", "이코노미", "A148"),
    ("DE27", "이코노미", "A148"),
    ("DE28", "이코노미", "A148"),
    ("DE29", "이코노미", "A148"),
    ("DE30", "이코노미", "A148"),
    ("DE31", "이코노미", "A148"),
    ("DE32", "이코노미", "A148"),
    ("DE33", "이코노미", "A148"),
    ("DE34", "이코노미", "A148"),
    ("EE10", "이코노미", "A148"),
    ("EE11", "이코노미", "A148"),
    ("EE12", "이코노미", "A148"),
    ("EE13", "이코노미", "A148"),
    ("EE15", "이코노미", "A148"),
    ("EE16", "이코노미", "A148"),
    ("EE17", "이코노미", "A148"),
    ("EE18", "이코노미", "A148"),
    ("EE19", "이코노미", "A148"),
    ("EE20", "이코노미", "A148"),
    ("EE21", "이코노미", "A148"),
    ("EE22", "이코노미", "A148"),
    ("EE23", "이코노미", "A148"),
    ("EE24", "이코노미", "A148"),
    ("EE25", "이코노미", "A148"),
    ("EE26", "이코노미", "A148"),
    ("EE27", "이코노미", "A148"),
    ("EE28", "이코노미", "A148"),
    ("EE29", "이코노미", "A148"),
    ("EE30", "이코노미", "A148"),
    ("EE31", "이코노미", "A148"),
    ("EE32", "이코노미", "A148"),
    ("EE33", "이코노미", "A148"),
    ("EE34", "이코노미", "A148"),
    ("FF01", "퍼스트", "A148"),
    ("FF02", "퍼스트", "A148"),
    ("FF03", "퍼스트", "A148"),
    ("FB04", "비지니스", "A148"),
    ("FB05", "비지니스", "A148"),
    ("FB06", "비지니스", "A148"),
    ("FB07", "비지니스", "A148"),
    ("FB08", "비지니스", "A148"),
    ("FB09", "비지니스", "A148"),
    ("FE10", "이코노미", "A148"),
    ("FE11", "이코노미", "A148"),
    ("FE12", "이코노미", "A148"),
    ("FE13", "이코노미", "A148"),
    ("FE15", "이코노미", "A148"),
    ("FE16", "이코노미", "A148"),
    ("FE17", "이코노미", "A148"),
    ("FE18", "이코노미", "A148"),
    ("FE19", "이코노미", "A148"),
    ("FE20", "이코노미", "A148"),
    ("FE21", "이코노미", "A148"),
    ("FE22", "이코노미", "A148"),
    ("FE23", "이코노미", "A148"),
    ("FE24", "이코노미", "A148"),
    ("FE25", "이코노미", "A148"),
    ("FE26", "이코노미", "A148"),
    ("FE27", "이코노미", "A148"),
    ("FE28", "이코노미", "A148"),
    ("FE29", "이코노미", "A148"),
    ("FE30", "이코노미", "A148"),
    ("FE31", "이코노미", "A148"),
    ("FE32", "이코노미", "A148"),
    ("FE33", "이코노미", "A148"),
    ("FE34", "이코노미", "A148"),
    
    -- A158
    ("AF01", "퍼스트", "A158"),
    ("AF02", "퍼스트", "A158"),
    ("AF03", "퍼스트", "A158"),
    ("AB04", "비지니스", "A158"),
    ("AB05", "비지니스", "A158"),
    ("AB06", "비지니스", "A158"),
    ("AB07", "비지니스", "A158"),
    ("AB08", "비지니스", "A158"),
    ("AB09", "비지니스", "A158"),
    ("AB10", "비지니스", "A158"),
    ("AB11", "비지니스", "A158"),
    ("AE13", "이코노미", "A158"),
    ("AE14", "이코노미", "A158"),
    ("AE15", "이코노미", "A158"),
    ("AE16", "이코노미", "A158"),
    ("AE17", "이코노미", "A158"),
    ("AE18", "이코노미", "A158"),
    ("AE19", "이코노미", "A158"),
    ("AE20", "이코노미", "A158"),
    ("AE21", "이코노미", "A158"),
    ("AE22", "이코노미", "A158"),
    ("AE23", "이코노미", "A158"),
    ("AE24", "이코노미", "A158"),
    ("AE25", "이코노미", "A158"),
    ("AE26", "이코노미", "A158"),
    ("AE27", "이코노미", "A158"),
    ("AE28", "이코노미", "A158"),
    ("AE29", "이코노미", "A158"),
    ("AE30", "이코노미", "A158"),
    ("AE31", "이코노미", "A158"),
    ("AE32", "이코노미", "A158"),
    ("AE33", "이코노미", "A158"),
    ("AE34", "이코노미", "A158"),
    ("AE35", "이코노미", "A158"),
    ("AE36", "이코노미", "A158"),
    ("AE37", "이코노미", "A158"),
    ("AE38", "이코노미", "A158"),
    ("BE13", "이코노미", "A158"),
    ("BE14", "이코노미", "A158"),
    ("BE15", "이코노미", "A158"),
    ("BE16", "이코노미", "A158"),
    ("BE17", "이코노미", "A158"),
    ("BE18", "이코노미", "A158"),
    ("BE19", "이코노미", "A158"),
    ("BE20", "이코노미", "A158"),
    ("BE21", "이코노미", "A158"),
    ("BE22", "이코노미", "A158"),
    ("BE23", "이코노미", "A158"),
    ("BE24", "이코노미", "A158"),
    ("BE25", "이코노미", "A158"),
    ("BE26", "이코노미", "A158"),
    ("BE27", "이코노미", "A158"),
    ("BE28", "이코노미", "A158"),
    ("BE29", "이코노미", "A158"),
    ("BE30", "이코노미", "A158"),
    ("BE31", "이코노미", "A158"),
    ("BE32", "이코노미", "A158"),
    ("BE33", "이코노미", "A158"),
    ("BE34", "이코노미", "A158"),
    ("BE35", "이코노미", "A158"),
    ("BE36", "이코노미", "A158"),
    ("BE37", "이코노미", "A158"),
    ("BE38", "이코노미", "A158"),
    ("CF01", "퍼스트", "A158"),
    ("CF02", "퍼스트", "A158"),
    ("CF03", "퍼스트", "A158"),
    ("CB04", "비지니스", "A158"),
    ("CB05", "비지니스", "A158"),
    ("CB06", "비지니스", "A158"),
    ("CB07", "비지니스", "A158"),
    ("CB08", "비지니스", "A158"),
    ("CB09", "비지니스", "A158"),
    ("CB10", "비지니스", "A158"),
    ("CB11", "비지니스", "A158"),
    ("CE13", "이코노미", "A158"),
    ("CE14", "이코노미", "A158"),
    ("CE15", "이코노미", "A158"),
    ("CE16", "이코노미", "A158"),
    ("CE17", "이코노미", "A158"),
    ("CE18", "이코노미", "A158"),
    ("CE19", "이코노미", "A158"),
    ("CE20", "이코노미", "A158"),
    ("CE21", "이코노미", "A158"),
    ("CE22", "이코노미", "A158"),
    ("CE23", "이코노미", "A158"),
    ("CE24", "이코노미", "A158"),
    ("CE25", "이코노미", "A158"),
    ("CE26", "이코노미", "A158"),
    ("CE27", "이코노미", "A158"),
    ("CE28", "이코노미", "A158"),
    ("CE29", "이코노미", "A158"),
    ("CE30", "이코노미", "A158"),
    ("CE31", "이코노미", "A158"),
    ("CE32", "이코노미", "A158"),
    ("CE33", "이코노미", "A158"),
    ("CE34", "이코노미", "A158"),
    ("CE35", "이코노미", "A158"),
    ("CE36", "이코노미", "A158"),
    ("CE37", "이코노미", "A158"),
    ("CE38", "이코노미", "A158"),
    ("DF01", "퍼스트", "A158"),
    ("DF02", "퍼스트", "A158"),
    ("DF03", "퍼스트", "A158"),
    ("DB04", "비지니스", "A158"),
    ("DB05", "비지니스", "A158"),
    ("DB06", "비지니스", "A158"),
    ("DB07", "비지니스", "A158"),
    ("DB08", "비지니스", "A158"),
    ("DB09", "비지니스", "A158"),
    ("DB10", "비지니스", "A158"),
    ("DB11", "비지니스", "A158"),
    ("DE13", "이코노미", "A158"),
    ("DE14", "이코노미", "A158"),
    ("DE15", "이코노미", "A158"),
    ("DE16", "이코노미", "A158"),
    ("DE17", "이코노미", "A158"),
    ("DE18", "이코노미", "A158"),
    ("DE19", "이코노미", "A158"),
    ("DE20", "이코노미", "A158"),
    ("DE21", "이코노미", "A158"),
    ("DE22", "이코노미", "A158"),
    ("DE23", "이코노미", "A158"),
    ("DE24", "이코노미", "A158"),
    ("DE25", "이코노미", "A158"),
    ("DE26", "이코노미", "A158"),
    ("DE27", "이코노미", "A158"),
    ("DE28", "이코노미", "A158"),
    ("DE29", "이코노미", "A158"),
    ("DE30", "이코노미", "A158"),
    ("DE31", "이코노미", "A158"),
    ("DE32", "이코노미", "A158"),
    ("DE33", "이코노미", "A158"),
    ("DE34", "이코노미", "A158"),
    ("DE35", "이코노미", "A158"),
    ("DE36", "이코노미", "A158"),
    ("DE37", "이코노미", "A158"),
    ("DE38", "이코노미", "A158"),
    ("EE13", "이코노미", "A158"),
    ("EE14", "이코노미", "A158"),
    ("EE15", "이코노미", "A158"),
    ("EE16", "이코노미", "A158"),
    ("EE17", "이코노미", "A158"),
    ("EE18", "이코노미", "A158"),
    ("EE19", "이코노미", "A158"),
    ("EE20", "이코노미", "A158"),
    ("EE21", "이코노미", "A158"),
    ("EE22", "이코노미", "A158"),
    ("EE23", "이코노미", "A158"),
    ("EE24", "이코노미", "A158"),
    ("EE25", "이코노미", "A158"),
    ("EE26", "이코노미", "A158"),
    ("EE27", "이코노미", "A158"),
    ("EE28", "이코노미", "A158"),
    ("EE29", "이코노미", "A158"),
    ("EE30", "이코노미", "A158"),
    ("EE31", "이코노미", "A158"),
    ("EE32", "이코노미", "A158"),
    ("EE33", "이코노미", "A158"),
    ("EE34", "이코노미", "A158"),
    ("EE35", "이코노미", "A158"),
    ("EE36", "이코노미", "A158"),
    ("EE37", "이코노미", "A158"),
    ("EE38", "이코노미", "A158"),
    ("FF01", "퍼스트", "A158"),
    ("FF02", "퍼스트", "A158"),
    ("FF03", "퍼스트", "A158"),
    ("FB04", "비지니스", "A158"),
    ("FB05", "비지니스", "A158"),
    ("FB06", "비지니스", "A158"),
    ("FB07", "비지니스", "A158"),
    ("FB08", "비지니스", "A158"),
    ("FB09", "비지니스", "A158"),
    ("FB10", "비지니스", "A158"),
    ("FB11", "비지니스", "A158"),
    ("FE13", "이코노미", "A158"),
    ("FE14", "이코노미", "A158"),
    ("FE15", "이코노미", "A158"),
    ("FE16", "이코노미", "A158"),
    ("FE17", "이코노미", "A158"),
    ("FE18", "이코노미", "A158"),
    ("FE19", "이코노미", "A158"),
    ("FE20", "이코노미", "A158"),
    ("FE21", "이코노미", "A158"),
    ("FE22", "이코노미", "A158"),
    ("FE23", "이코노미", "A158"),
    ("FE24", "이코노미", "A158"),
    ("FE25", "이코노미", "A158"),
    ("FE26", "이코노미", "A158"),
    ("FE27", "이코노미", "A158"),
    ("FE28", "이코노미", "A158"),
    ("FE29", "이코노미", "A158"),
    ("FE30", "이코노미", "A158"),
    ("FE31", "이코노미", "A158"),
    ("FE32", "이코노미", "A158"),
    ("FE33", "이코노미", "A158"),
    ("FE34", "이코노미", "A158"),
    ("FE35", "이코노미", "A158"),
    ("FE36", "이코노미", "A158"),
    ("FE37", "이코노미", "A158"),
    ("FE38", "이코노미", "A158"),
    
    -- T204
    ("AF01", "퍼스트", "T204"),
    ("AF02", "퍼스트", "T204"),
    ("AF03", "퍼스트", "T204"),
    ("AB04", "비지니스", "T204"),
    ("AB05", "비지니스", "T204"),
    ("AB06", "비지니스", "T204"),
    ("AB07", "비지니스", "T204"),
    ("AB08", "비지니스", "T204"),
    ("AB09", "비지니스", "T204"),
    ("AE10", "이코노미", "T204"),
    ("AE11", "이코노미", "T204"),
    ("AE12", "이코노미", "T204"),
    ("AE13", "이코노미", "T204"),
    ("AE15", "이코노미", "T204"),
    ("AE16", "이코노미", "T204"),
    ("AE17", "이코노미", "T204"),
    ("AE18", "이코노미", "T204"),
    ("AE19", "이코노미", "T204"),
    ("AE20", "이코노미", "T204"),
    ("AE21", "이코노미", "T204"),
    ("AE22", "이코노미", "T204"),
    ("AE23", "이코노미", "T204"),
    ("AE24", "이코노미", "T204"),
    ("AE25", "이코노미", "T204"),
    ("AE26", "이코노미", "T204"),
    ("AE27", "이코노미", "T204"),
    ("AE28", "이코노미", "T204"),
    ("AE29", "이코노미", "T204"),
    ("AE30", "이코노미", "T204"),
    ("AE31", "이코노미", "T204"),
    ("AE32", "이코노미", "T204"),
    ("AE33", "이코노미", "T204"),
    ("AE34", "이코노미", "T204"),
    ("BE10", "이코노미", "T204"),
    ("BE11", "이코노미", "T204"),
    ("BE12", "이코노미", "T204"),
    ("BE13", "이코노미", "T204"),
    ("BE15", "이코노미", "T204"),
    ("BE16", "이코노미", "T204"),
    ("BE17", "이코노미", "T204"),
    ("BE18", "이코노미", "T204"),
    ("BE19", "이코노미", "T204"),
    ("BE20", "이코노미", "T204"),
    ("BE21", "이코노미", "T204"),
    ("BE22", "이코노미", "T204"),
    ("BE23", "이코노미", "T204"),
    ("BE24", "이코노미", "T204"),
    ("BE25", "이코노미", "T204"),
    ("BE26", "이코노미", "T204"),
    ("BE27", "이코노미", "T204"),
    ("BE28", "이코노미", "T204"),
    ("BE29", "이코노미", "T204"),
    ("BE30", "이코노미", "T204"),
    ("BE31", "이코노미", "T204"),
    ("BE32", "이코노미", "T204"),
    ("BE33", "이코노미", "T204"),
    ("BE34", "이코노미", "T204"),
    ("CF01", "퍼스트", "T204"),
    ("CF02", "퍼스트", "T204"),
    ("CF03", "퍼스트", "T204"),
    ("CB04", "비지니스", "T204"),
    ("CB05", "비지니스", "T204"),
    ("CB06", "비지니스", "T204"),
    ("CB07", "비지니스", "T204"),
    ("CB08", "비지니스", "T204"),
    ("CB09", "비지니스", "T204"),
    ("CE10", "이코노미", "T204"),
    ("CE11", "이코노미", "T204"),
    ("CE12", "이코노미", "T204"),
    ("CE13", "이코노미", "T204"),
    ("CE15", "이코노미", "T204"),
    ("CE16", "이코노미", "T204"),
    ("CE17", "이코노미", "T204"),
    ("CE18", "이코노미", "T204"),
    ("CE19", "이코노미", "T204"),
    ("CE20", "이코노미", "T204"),
    ("CE21", "이코노미", "T204"),
    ("CE22", "이코노미", "T204"),
    ("CE23", "이코노미", "T204"),
    ("CE24", "이코노미", "T204"),
    ("CE25", "이코노미", "T204"),
    ("CE26", "이코노미", "T204"),
    ("CE27", "이코노미", "T204"),
    ("CE28", "이코노미", "T204"),
    ("CE29", "이코노미", "T204"),
    ("CE30", "이코노미", "T204"),
    ("CE31", "이코노미", "T204"),
    ("CE32", "이코노미", "T204"),
    ("CE33", "이코노미", "T204"),
    ("CE34", "이코노미", "T204"),
    ("DF01", "퍼스트", "T204"),
    ("DF02", "퍼스트", "T204"),
    ("DF03", "퍼스트", "T204"),
    ("DB04", "비지니스", "T204"),
    ("DB05", "비지니스", "T204"),
    ("DB06", "비지니스", "T204"),
    ("DB07", "비지니스", "T204"),
    ("DB08", "비지니스", "T204"),
    ("DB09", "비지니스", "T204"),
    ("DE10", "이코노미", "T204"),
    ("DE11", "이코노미", "T204"),
    ("DE12", "이코노미", "T204"),
    ("DE13", "이코노미", "T204"),
    ("DE15", "이코노미", "T204"),
    ("DE16", "이코노미", "T204"),
    ("DE17", "이코노미", "T204"),
    ("DE18", "이코노미", "T204"),
    ("DE19", "이코노미", "T204"),
    ("DE20", "이코노미", "T204"),
    ("DE21", "이코노미", "T204"),
    ("DE22", "이코노미", "T204"),
    ("DE23", "이코노미", "T204"),
    ("DE24", "이코노미", "T204"),
    ("DE25", "이코노미", "T204"),
    ("DE26", "이코노미", "T204"),
    ("DE27", "이코노미", "T204"),
    ("DE28", "이코노미", "T204"),
    ("DE29", "이코노미", "T204"),
    ("DE30", "이코노미", "T204"),
    ("DE31", "이코노미", "T204"),
    ("DE32", "이코노미", "T204"),
    ("DE33", "이코노미", "T204"),
    ("DE34", "이코노미", "T204"),
    ("EE10", "이코노미", "T204"),
    ("EE11", "이코노미", "T204"),
    ("EE12", "이코노미", "T204"),
    ("EE13", "이코노미", "T204"),
    ("EE15", "이코노미", "T204"),
    ("EE16", "이코노미", "T204"),
    ("EE17", "이코노미", "T204"),
    ("EE18", "이코노미", "T204"),
    ("EE19", "이코노미", "T204"),
    ("EE20", "이코노미", "T204"),
    ("EE21", "이코노미", "T204"),
    ("EE22", "이코노미", "T204"),
    ("EE23", "이코노미", "T204"),
    ("EE24", "이코노미", "T204"),
    ("EE25", "이코노미", "T204"),
    ("EE26", "이코노미", "T204"),
    ("EE27", "이코노미", "T204"),
    ("EE28", "이코노미", "T204"),
    ("EE29", "이코노미", "T204"),
    ("EE30", "이코노미", "T204"),
    ("EE31", "이코노미", "T204"),
    ("EE32", "이코노미", "T204"),
    ("EE33", "이코노미", "T204"),
    ("EE34", "이코노미", "T204"),
    ("FF01", "퍼스트", "T204"),
    ("FF02", "퍼스트", "T204"),
    ("FF03", "퍼스트", "T204"),
    ("FB04", "비지니스", "T204"),
    ("FB05", "비지니스", "T204"),
    ("FB06", "비지니스", "T204"),
    ("FB07", "비지니스", "T204"),
    ("FB08", "비지니스", "T204"),
    ("FB09", "비지니스", "T204"),
    ("FE10", "이코노미", "T204"),
    ("FE11", "이코노미", "T204"),
    ("FE12", "이코노미", "T204"),
    ("FE13", "이코노미", "T204"),
    ("FE15", "이코노미", "T204"),
    ("FE16", "이코노미", "T204"),
    ("FE17", "이코노미", "T204"),
    ("FE18", "이코노미", "T204"),
    ("FE19", "이코노미", "T204"),
    ("FE20", "이코노미", "T204"),
    ("FE21", "이코노미", "T204"),
    ("FE22", "이코노미", "T204"),
    ("FE23", "이코노미", "T204"),
    ("FE24", "이코노미", "T204"),
    ("FE25", "이코노미", "T204"),
    ("FE26", "이코노미", "T204"),
    ("FE27", "이코노미", "T204"),
    ("FE28", "이코노미", "T204"),
    ("FE29", "이코노미", "T204"),
    ("FE30", "이코노미", "T204"),
    ("FE31", "이코노미", "T204"),
    ("FE32", "이코노미", "T204"),
    ("FE33", "이코노미", "T204"),
    ("FE34", "이코노미", "T204");