-- 대한항공 샘플데이터 
INSERT AIRLINE (AL_NAME)
VALUE("대한항공");

INSERT AIRPLANE(AP_NUM, AP_AL_NAME, AP_AM_MODEL)
VALUES
	("HL1010","대한항공","A148"),
	("HL2020","대한항공","A158"),
    ("HL3030","대한항공","A320"),
    ("HL4040","대한항공","A333"),
    ("HL5050","대한항공","A388"),
    ("HL6060","대한항공","B737"),
    ("HL7070","대한항공","B738"),
    ("HL8080","대한항공","B763"),
    ("HL9090","대한항공","B78X"),
    ("HL1001","대한항공","T204");
    
INSERT INTO ROUTE(RO_AI_START, RO_AI_END)
VALUES
	("ICN","LHR"), -- 런던
    ("LHR","ICN"),
    ("ICN","HKG"), -- 홍콩
    ("HKG","ICN"),
    ("ICN","SYD"), -- 시드니
    ("SYD","ICN"),
    ("ICN","CDG"), -- 파리
    ("CDG","ICN"),
    ("ICN","MXP"), -- 밀라노
    ("MXP","ICN"),
    ("ICN","SIN"), -- 싱가포르
    ("SIN","ICN"),
    ("ICN","GVA"), -- 스위스
    ("GVA","ICN"),
    ("ICN","CAI"), -- 카이로(이집트)
    ("CAI","ICN"),
    ("ICN","FCO"), -- 로마(이탈리아)
    ("FCO","ICN"),
    ("ICN","HND"), -- 도쿄(일본)
    ("HND","ICN");
    
INSERT SCHEDULE (SK_AP_NUM, SK_RO_NUM, SK_START_TIME, SK_END_TIME, SK_TIME, SK_PRICE)
VALUES
	("HL1001","1","2023-10-03 10:55:00","2023-10-04 04:20:00","17:25:00","1244500"),
    ("HL1001","1","2023-10-16 19:35:00","2023-10-17 07:55:00","12:20:00","1406600"),
    ("HL1010","1","2023-09-11 08:10:00","2023-09-11 12:00:00","03:50:00","25300"),
    ("HL1010","1","2023-09-14 12:15:00","2023-09-14 16:00:00","03:45:00","301430"),
    ("HL2020","1","2023-09-13 18:55:00","2023-09-14 05:15:00","10:20:00","581400"),
    ("HL2020","6","2023-09-19 07:50:00","2023-09-19 18:45:00","10:55:00","830220"),
    ("HL3030","7","2023-09-25 11:55:00","2023-09-26 01:30:00","13:35:00","1214500"),
    ("HL3030","8","2023-09-29 21:00:00","2023-09-30 08:45:00","11:45:00","1190400"),
    ("HL4040","9","2023-10-02 12:05:00","2023-10-03 01:30:00","13:25:00","1244500"),
    ("HL4040","10","2023-10-30 15:35:00","2023-10-31 06:50:00","15:15:00","1267560"),
    ("HL5050","11","2023-09-20 10:50:00","2023-09-20 17:00:00","06:10:00","479100"),
    ("HL5050","12","2023-09-22 11:00:00","2023-09-22 17:35:00","06:35:00","564000"),
    ("HL6060","13","2023-10-03 11:55:00","2023-10-04 04:55:00","17:00:00","1298000"),
    ("HL6060","14","2023-10-23 17:15:00","2023-10-24 09:15:00","16:00:00","1228520"),
    ("HL7070","15","2023-10-24 13:30:00","2023-10-25 06:45:00","17:15:00","1670500"),
    ("HL7070","16","2023-10-29 14:20:00","2023-10-30 03:30:00","13:10:00","1661930"),
    ("HL8080","17","2023-10-16 13:25:00","2023-10-17 02:30:00","13:05:00","1124500"),
    ("HL8080","18","2023-10-17 21:25:00","2023-10-18 08:40:00","11:15:00","1348490"),
    ("HL9090","19","2023-09-30 20:30:00","2023-09-30 22:50:00","02:20:00","369100"),
    ("HL9090","20","2023-10-01 02:00:00","2023-10-01 04:35:00","02:35:00","396000");