 DELETE FROM AIRLINE WHERE AL_NAME = '티웨이';

INSERT AIRLINE (AL_NAME)
VALUE("티웨이");

SET foreign_key_checks = 0; 
INSERT INTO AIRPLANE (AP_NUM, AP_AL_NAME, AP_AM_MODEL)
VALUES
	("OM1011","티웨이","A149"),
	("OM2022","티웨이","A158"),
    ("OM3033","티웨이","A221"),
    ("OM4044","티웨이","A232"),
    ("OM5055","티웨이","A289"),
    ("OM6066","티웨이","B835"),
    ("OM7077","티웨이","B837"),
    ("OM8088","티웨이","B863"),
    ("OM9099","티웨이","B985"),
    ("OM1111","티웨이","B906");
    
    SET foreign_key_checks = 0; 

INSERT INTO ROUTE(RO_AI_START, RO_AI_END)
VALUES
    ("GMP","NRT"), -- 일본(도쿄)
    ("NRT","HND"), 
    ("GMP","TPE"), -- 대만(타이베이)
    ("TPE","TSA"),
    ("GMP","SGN"), -- 베트남(하노이)
    ("SGN","SYD"),
    ("GMP","CRK"), -- 필리핀(마닐라) 
    ("CRK","CDG"),
    ("GMP","BKK"), -- 태국(돈므앙)   
    ("BKK","DMK"),
    ("GMP","BKK"), -- 인도(델리) 
    ("BKK","DEL"),
    ("GMP","IKA"), -- 이스라엘(텔아비브)
    ("IKA","TLV"),
    ("GMP","LPL"), -- 영국(런던)
    ("LPL","LHR"),
    ("GMP","FRA"), -- 독일(베를린)
    ("FRA","BER"),
    ("GMP","GVA"), -- 폴란드(바르샤바)
     ("GVA","WAW");
    
    
    
INSERT SCHEDULE (SK_AP_NUM, SK_RO_NUM, SK_START_TIME, SK_END_TIME,SK_TIME, SK_PRICE)
VALUES
	("OM1011","1","2023-10-12 10:55:00","2023-10-12 17:25:00","0","1224500"),
    ("OM1011","2","2023-10-13 19:35:00","2023-10-13 22:20:00","0","1206600"),
    ("OM2022","3","2023-09-14 08:10:00","2023-09-14 10:50:00","0","458300"),
    ("OM2022","4","2023-09-14 12:15:00","2023-09-14 14:45:00","0","601430"),
    ("OM3033","5","2023-09-14 18:55:00","2023-09-14 20:20:00","0","881400"),
    ("OM3033","6","2023-09-13 07:50:00","2023-09-13 09:55:00","0","530220"),
    ("OM4044","7","2023-09-24 11:55:00","2023-09-24 13:35:00","0","1514500"),
    ("OM4044","8","2023-09-24 21:00:00","2023-09-24 23:45:00","0","1490400"),
    ("OM5055","9","2023-10-06 12:05:00","2023-10-06 13:25:00","0","1344500"),
    ("OM5055","10","2023-10-30 15:35:00","2023-10-30 17:15:00","0","1767560"),
    ("OM6066","11","2023-09-26 10:50:00","2023-09-26 16:10:00","0","779100"),
    ("OM6066","12","2023-09-26 11:00:00","2023-09-26 16:35:00","0","464000"),
    ("OM7077","13","2023-10-06 11:55:00","2023-10-06 17:00:00","0","1398000"),
    ("OM7077","14","2023-10-26 17:15:00","2023-10-26 22:00:00","0","1428520"),
    ("OM8088","15","2023-10-26 13:30:00","2023-10-26 14:45:00","0","1570500"),
    ("OM8088","16","2023-10-27 14:20:00","2023-10-27 17:30:00","0","1661930"),
    ("OM9099","17","2023-10-17 13:25:00","2023-10-17 17:30:00","0","1324500"),
    ("OM9099","18","2023-10-17 21:25:00","2023-10-17 23:40:00","0","1448490"),
    ("OM1111","19","2023-09-20 20:30:00","2023-09-20 22:50:00","0","569100"),
    ("OM1111","20","2023-10-04 02:00:00","2023-10-04 04:35:00","0","696000");